[INFO] Scanning for projects...
[INFO] 
[INFO] -----------------< com.example:authentication_module >------------------
[INFO] Building authentication_module 0.0.1-SNAPSHOT
[INFO]   from pom.xml
[INFO] --------------------------------[ jar ]---------------------------------
[INFO] 
[INFO] >>> spring-boot:4.1.0:run (default-cli) > test-compile @ authentication_module >>>
[INFO] 
[INFO] --- resources:3.5.0:resources (default-resources) @ authentication_module ---
[INFO] Copying 1 resource from src\main\resources to target\classes
[INFO] Copying 0 resource from src\main\resources to target\classes
[INFO] 
[INFO] --- compiler:3.15.0:compile (default-compile) @ authentication_module ---
[INFO] Nothing to compile - all classes are up to date.
[INFO] 
[INFO] --- resources:3.5.0:testResources (default-testResources) @ authentication_module ---
[INFO] skip non existing resourceDirectory C:\Users\BHARATH M N\OneDrive\Desktop\Train_ticket\authentication_module\authentication_module\src\test\resources
[INFO] 
[INFO] --- compiler:3.15.0:testCompile (default-testCompile) @ authentication_module ---
[INFO] Nothing to compile - all classes are up to date.
[INFO] 
[INFO] <<< spring-boot:4.1.0:run (default-cli) < test-compile @ authentication_module <<<
[INFO] 
[INFO] 
[INFO] --- spring-boot:4.1.0:run (default-cli) @ authentication_module ---
[INFO] Attaching agents: []

  .   ____          _            __ _ _
 /\\ / ___'_ __ _ _(_)_ __  __ _ \ \ \ \
( ( )\___ | '_ | '_| | '_ \/ _` | \ \ \ \
 \\/  ___)| |_)| | | | | || (_| |  ) ) ) )
  '  |____| .__|_| |_|_| |_\__, | / / / /
 =========|_|==============|___/=/_/_/_/

 :: Spring Boot ::                (v4.1.0)

2026-08-21T19:14:57.496+05:30  INFO 27204 --- [authentication_module] [  restartedMain] c.e.a.AuthenticationModuleApplication    : Starting AuthenticationModuleApplication using Java 21.0.11 with PID 27204 (C:\Users\BHARATH M N\OneDrive\Desktop\Train_ticket\authentication_module\authentication_module\target\classes started by BHARATH M N in C:\Users\BHARATH M N\OneDrive\Desktop\Train_ticket\authentication_module\authentication_module)
2026-08-21T19:14:57.510+05:30  INFO 27204 --- [authentication_module] [  restartedMain] c.e.a.AuthenticationModuleApplication    : No active profile set, falling back to 1 default profile: "default"
2026-08-21T19:14:57.568+05:30  INFO 27204 --- [authentication_module] [  restartedMain] .e.DevToolsPropertyDefaultsPostProcessor : Devtools property defaults active! Set 'spring.devtools.add-properties' to 'false' to disable
2026-08-21T19:14:57.569+05:30  INFO 27204 --- [authentication_module] [  restartedMain] .e.DevToolsPropertyDefaultsPostProcessor : For additional web related logging consider setting the 'logging.level.web' property to 'DEBUG'
2026-08-21T19:14:58.505+05:30  INFO 27204 --- [authentication_module] [  restartedMain] .s.d.r.c.RepositoryConfigurationDelegate : Bootstrapping Spring Data JPA repositories in DEFAULT mode.
2026-08-21T19:14:58.601+05:30  INFO 27204 --- [authentication_module] [  restartedMain] .s.d.r.c.RepositoryConfigurationDelegate : Finished Spring Data repository scanning in 82 ms. Found 4 JPA repository interfaces.
2026-08-21T19:14:59.749+05:30  INFO 27204 --- [authentication_module] [  restartedMain] o.s.boot.tomcat.TomcatWebServer          : Tomcat initialized with port 8080 (http)
2026-08-21T19:14:59.802+05:30  INFO 27204 --- [authentication_module] [  restartedMain] o.apache.catalina.core.StandardService   : Starting service [Tomcat]
2026-08-21T19:14:59.804+05:30  INFO 27204 --- [authentication_module] [  restartedMain] o.apache.catalina.core.StandardEngine    : Starting Servlet engine: [Apache Tomcat/11.0.22]
2026-08-21T19:14:59.938+05:30  INFO 27204 --- [authentication_module] [  restartedMain] b.w.c.s.WebApplicationContextInitializer : Root WebApplicationContext: initialization completed in 2367 ms
2026-08-21T19:15:00.326+05:30  INFO 27204 --- [authentication_module] [  restartedMain] org.hibernate.orm.jpa                    : HHH008540: Processing PersistenceUnitInfo [name: default]
2026-08-21T19:15:00.521+05:30  INFO 27204 --- [authentication_module] [  restartedMain] org.hibernate.orm.core                   : HHH000001: Hibernate ORM core version 7.4.1.Final
2026-08-21T19:15:01.877+05:30  INFO 27204 --- [authentication_module] [  restartedMain] o.s.o.j.p.SpringPersistenceUnitInfo      : No LoadTimeWeaver setup: ignoring JPA class transformer
2026-08-21T19:15:01.952+05:30  INFO 27204 --- [authentication_module] [  restartedMain] com.zaxxer.hikari.HikariDataSource       : HikariPool-1 - Starting...
2026-08-21T19:15:02.292+05:30  INFO 27204 --- [authentication_module] [  restartedMain] com.zaxxer.hikari.pool.HikariPool        : HikariPool-1 - Added connection org.postgresql.jdbc.PgConnection@465c737c
2026-08-21T19:15:02.302+05:30  INFO 27204 --- [authentication_module] [  restartedMain] com.zaxxer.hikari.HikariDataSource       : HikariPool-1 - Start completed.
2026-08-21T19:15:02.577+05:30  INFO 27204 --- [authentication_module] [  restartedMain] org.hibernate.orm.connections.pooling    : HHH10001005: Database info:
	Database JDBC URL [jdbc:postgresql://localhost:5432/postgres]
	Database driver: PostgreSQL JDBC Driver
	Database dialect: PostgreSQLDialect
	Database version: 18.0
	Default catalog/schema: postgres/public
	Autocommit mode: undefined/unknown
	Isolation level: READ_COMMITTED [default READ_COMMITTED]
	JDBC fetch size: none
	Pool: DataSourceConnectionProvider
	Minimum pool size: undefined/unknown
	Maximum pool size: undefined/unknown
2026-08-21T19:15:05.699+05:30  INFO 27204 --- [authentication_module] [  restartedMain] org.hibernate.orm.core                   : HHH000489: No JTA platform available (set 'hibernate.transaction.jta.platform' to enable JTA platform integration)
2026-08-21T19:15:05.855+05:30  INFO 27204 --- [authentication_module] [  restartedMain] j.LocalContainerEntityManagerFactoryBean : Initialized JPA EntityManagerFactory for persistence unit 'default'
2026-08-21T19:15:05.973+05:30  INFO 27204 --- [authentication_module] [  restartedMain] o.s.d.j.r.query.QueryEnhancerFactories   : Hibernate is in classpath; If applicable, HQL parser will be used.
2026-08-21T19:15:06.870+05:30  INFO 27204 --- [authentication_module] [  restartedMain] eAuthenticationProviderManagerConfigurer : Global AuthenticationManager configured with AuthenticationProvider bean with name authenticationProvider
2026-08-21T19:15:06.871+05:30  WARN 27204 --- [authentication_module] [  restartedMain] r$InitializeUserDetailsManagerConfigurer : Global AuthenticationManager configured with an AuthenticationProvider bean. UserDetailsService beans will not be used by Spring Security for automatically configuring username/password login. Consider removing the AuthenticationProvider bean. Alternatively, consider using the UserDetailsService in a manually instantiated DaoAuthenticationProvider. If the current configuration is intentional, to turn off this warning, increase the logging level of 'org.springframework.security.config.annotation.authentication.configuration.InitializeUserDetailsBeanManagerConfigurer' to ERROR
2026-08-21T19:15:06.925+05:30  WARN 27204 --- [authentication_module] [  restartedMain] JpaBaseConfiguration$JpaWebConfiguration : spring.jpa.open-in-view is enabled by default. Therefore, database queries may be performed during view rendering. Explicitly configure spring.jpa.open-in-view to disable this warning
2026-08-21T19:15:07.441+05:30 DEBUG 27204 --- [authentication_module] [  restartedMain] o.s.s.web.DefaultSecurityFilterChain     : Will secure any request with filters: DisableEncodeUrlFilter, WebAsyncManagerIntegrationFilter, SecurityContextHolderFilter, HeaderWriterFilter, LogoutFilter, JwtAuthenticationFilter, RequestCacheAwareFilter, SecurityContextHolderAwareRequestFilter, AnonymousAuthenticationFilter, SessionManagementFilter, ExceptionTranslationFilter, AuthorizationFilter
2026-08-21T19:15:07.589+05:30 TRACE 27204 --- [authentication_module] [  restartedMain] s.w.s.m.m.a.RequestMappingHandlerMapping : 
	c.e.a.C.ProfileController:
	{GET [/profile/get-profile]}: getProfile(Authentication)
	{PUT [/profile/update]}: updateProfile(Authentication,UpdateProfileRequestDTO)
2026-08-21T19:15:07.605+05:30 TRACE 27204 --- [authentication_module] [  restartedMain] s.w.s.m.m.a.RequestMappingHandlerMapping : 
	c.e.a.C.UserController:
	{POST [/auth/logout]}: logout(LogoutRequestDTO)
	{POST [/auth/login]}: loginUser(LoginRequestDTO)
	{POST [/auth/forgot-password]}: forgotPassword(ForgotPasswordRequestDTO)
	{PUT [/auth/change-password]}: changePassword(Authentication,ChangePasswordRequestDTO)
	{GET [/auth/verify-email]}: verifyEmail(String)
	{POST [/auth/register]}: registerUser(RegisterRequestDTO)
	{POST [/auth/refresh-token]}: refreshToken(RefreshTokenRequestDTO)
	{POST [/auth/reset-password]}: resetPassword(ResetPasswordRequestDTO)
2026-08-21T19:15:07.616+05:30 TRACE 27204 --- [authentication_module] [  restartedMain] s.w.s.m.m.a.RequestMappingHandlerMapping : 
	o.s.b.w.a.e.BasicErrorController:
	{ [/error]}: error(HttpServletRequest)
	{ [/error], produces [text/html]}: errorHtml(HttpServletRequest,HttpServletResponse)
2026-08-21T19:15:07.620+05:30 DEBUG 27204 --- [authentication_module] [  restartedMain] s.w.s.m.m.a.RequestMappingHandlerMapping : 12 mappings in 'requestMappingHandlerMapping'
2026-08-21T19:15:08.190+05:30  INFO 27204 --- [authentication_module] [  restartedMain] o.s.boot.tomcat.TomcatWebServer          : Tomcat started on port 8080 (http) with context path '/'
2026-08-21T19:15:08.200+05:30  INFO 27204 --- [authentication_module] [  restartedMain] c.e.a.AuthenticationModuleApplication    : Started AuthenticationModuleApplication in 11.332 seconds (process running for 11.983)
2026-08-21T19:17:57.815+05:30  INFO 27204 --- [authentication_module] [nio-8080-exec-1] o.a.c.c.C.[Tomcat].[localhost].[/]       : Initializing Spring DispatcherServlet 'dispatcherServlet'
2026-08-21T19:17:57.815+05:30  INFO 27204 --- [authentication_module] [nio-8080-exec-1] o.s.web.servlet.DispatcherServlet        : Initializing Servlet 'dispatcherServlet'
2026-08-21T19:17:57.818+05:30  INFO 27204 --- [authentication_module] [nio-8080-exec-1] o.s.web.servlet.DispatcherServlet        : Completed initialization in 2 ms
2026-08-21T19:17:57.850+05:30 DEBUG 27204 --- [authentication_module] [nio-8080-exec-1] o.s.security.web.FilterChainProxy        : Securing POST /auth/register
2026-08-21T19:17:57.866+05:30 DEBUG 27204 --- [authentication_module] [nio-8080-exec-1] o.s.s.w.a.AnonymousAuthenticationFilter  : Set SecurityContextHolder to anonymous SecurityContext
2026-08-21T19:17:57.869+05:30 DEBUG 27204 --- [authentication_module] [nio-8080-exec-1] o.s.security.web.FilterChainProxy        : Secured POST /auth/register
2026-08-21T19:17:57.903+05:30 TRACE 27204 --- [authentication_module] [nio-8080-exec-1] s.w.s.m.m.a.RequestMappingHandlerMapping : Mapped to com.example.authentication_module.Controller.UserController#registerUser(RegisterRequestDTO)
2026-08-21T19:17:58.249+05:30  WARN 27204 --- [authentication_module] [nio-8080-exec-1] .w.s.m.s.DefaultHandlerExceptionResolver : Resolved [org.springframework.web.bind.MethodArgumentNotValidException: Validation failed for argument [0] in public org.springframework.http.ResponseEntity<com.example.authentication_module.DTO.RegisterResponseDTO> com.example.authentication_module.Controller.UserController.registerUser(com.example.authentication_module.DTO.RegisterRequestDTO): [Field error in object 'registerRequestDTO' on field 'email': rejected value [rv.verify.d11da1bd-0bc6-4009-91de-96e9eab45e84.example.com]; codes [Email.registerRequestDTO.email,Email.email,Email.java.lang.String,Email]; arguments [org.springframework.context.support.DefaultMessageSourceResolvable: codes [registerRequestDTO.email,email]; arguments []; default message [email],[Ljakarta.validation.constraints.Pattern$Flag;@6074ae69,.*]; default message [Please enter a valid email]] ]
2026-08-21T19:17:58.264+05:30 DEBUG 27204 --- [authentication_module] [nio-8080-exec-1] o.s.security.web.FilterChainProxy        : Securing GET /error
2026-08-21T19:17:58.264+05:30 DEBUG 27204 --- [authentication_module] [nio-8080-exec-1] o.s.s.w.a.AnonymousAuthenticationFilter  : Set SecurityContextHolder to anonymous SecurityContext
2026-08-21T19:17:58.266+05:30 DEBUG 27204 --- [authentication_module] [nio-8080-exec-1] o.s.s.w.a.Http403ForbiddenEntryPoint     : Pre-authenticated entry point called. Rejecting access
2026-08-21T19:19:25.839+05:30 DEBUG 27204 --- [authentication_module] [nio-8080-exec-4] o.s.security.web.FilterChainProxy        : Securing POST /auth/register
2026-08-21T19:19:25.839+05:30 DEBUG 27204 --- [authentication_module] [nio-8080-exec-4] o.s.s.w.a.AnonymousAuthenticationFilter  : Set SecurityContextHolder to anonymous SecurityContext
2026-08-21T19:19:25.840+05:30 DEBUG 27204 --- [authentication_module] [nio-8080-exec-4] o.s.security.web.FilterChainProxy        : Secured POST /auth/register
2026-08-21T19:19:25.840+05:30 TRACE 27204 --- [authentication_module] [nio-8080-exec-4] s.w.s.m.m.a.RequestMappingHandlerMapping : Mapped to com.example.authentication_module.Controller.UserController#registerUser(RegisterRequestDTO)
[UserService] Registration started for email: rv.verify.5825ca69-ac27-4b96-9897-eecff87042b0@example.com
Hibernate: select um1_0.id from users um1_0 where um1_0.email=? fetch first ? rows only
Hibernate: select um1_0.id from users um1_0 where um1_0.phone_number=? fetch first ? rows only
2026-08-21T19:19:26.447+05:30  WARN 27204 --- [authentication_module] [nio-8080-exec-4] .m.m.a.ExceptionHandlerExceptionResolver : Resolved [com.example.authentication_module.Exception.PhoneNumberAlreadyExistsException: Phone number already exists!]
2026-08-21T19:19:39.078+05:30 DEBUG 27204 --- [authentication_module] [nio-8080-exec-3] o.s.security.web.FilterChainProxy        : Securing POST /auth/register
2026-08-21T19:19:39.078+05:30 DEBUG 27204 --- [authentication_module] [nio-8080-exec-3] o.s.s.w.a.AnonymousAuthenticationFilter  : Set SecurityContextHolder to anonymous SecurityContext
2026-08-21T19:19:39.078+05:30 DEBUG 27204 --- [authentication_module] [nio-8080-exec-3] o.s.security.web.FilterChainProxy        : Secured POST /auth/register
2026-08-21T19:19:39.078+05:30 TRACE 27204 --- [authentication_module] [nio-8080-exec-3] s.w.s.m.m.a.RequestMappingHandlerMapping : Mapped to com.example.authentication_module.Controller.UserController#registerUser(RegisterRequestDTO)
2026-08-21T19:19:39.080+05:30  WARN 27204 --- [authentication_module] [nio-8080-exec-3] .w.s.m.s.DefaultHandlerExceptionResolver : Resolved [org.springframework.web.bind.MethodArgumentNotValidException: Validation failed for argument [0] in public org.springframework.http.ResponseEntity<com.example.authentication_module.DTO.RegisterResponseDTO> com.example.authentication_module.Controller.UserController.registerUser(com.example.authentication_module.DTO.RegisterRequestDTO): [Field error in object 'registerRequestDTO' on field 'phoneNumber': rejected value [960620946]; codes [Pattern.registerRequestDTO.phoneNumber,Pattern.phoneNumber,Pattern.java.lang.String,Pattern]; arguments [org.springframework.context.support.DefaultMessageSourceResolvable: codes [registerRequestDTO.phoneNumber,phoneNumber]; arguments []; default message [phoneNumber],[Ljakarta.validation.constraints.Pattern$Flag;@75435019,^[6-9]\d{9}$]; default message [Enter a valid 10-digit Indian mobile number]] ]
2026-08-21T19:19:39.080+05:30 DEBUG 27204 --- [authentication_module] [nio-8080-exec-3] o.s.security.web.FilterChainProxy        : Securing GET /error
2026-08-21T19:19:39.080+05:30 DEBUG 27204 --- [authentication_module] [nio-8080-exec-3] o.s.s.w.a.AnonymousAuthenticationFilter  : Set SecurityContextHolder to anonymous SecurityContext
2026-08-21T19:19:39.081+05:30 DEBUG 27204 --- [authentication_module] [nio-8080-exec-3] o.s.s.w.a.Http403ForbiddenEntryPoint     : Pre-authenticated entry point called. Rejecting access
2026-08-21T19:19:58.214+05:30 DEBUG 27204 --- [authentication_module] [nio-8080-exec-7] o.s.security.web.FilterChainProxy        : Securing POST /auth/register
2026-08-21T19:19:58.215+05:30 DEBUG 27204 --- [authentication_module] [nio-8080-exec-7] o.s.s.w.a.AnonymousAuthenticationFilter  : Set SecurityContextHolder to anonymous SecurityContext
2026-08-21T19:19:58.215+05:30 DEBUG 27204 --- [authentication_module] [nio-8080-exec-7] o.s.security.web.FilterChainProxy        : Secured POST /auth/register
2026-08-21T19:19:58.215+05:30 TRACE 27204 --- [authentication_module] [nio-8080-exec-7] s.w.s.m.m.a.RequestMappingHandlerMapping : Mapped to com.example.authentication_module.Controller.UserController#registerUser(RegisterRequestDTO)
[UserService] Registration started for email: rv.verify.cc2df3cb-6962-4942-a00e-53bb32d8335f@example.com
Hibernate: select um1_0.id from users um1_0 where um1_0.email=? fetch first ? rows only
Hibernate: select um1_0.id from users um1_0 where um1_0.phone_number=? fetch first ? rows only
Hibernate: insert into users (account_non_expired,account_non_locked,address,city,country,created_at,credentials_non_expired,date_of_birth,email,email_verified,enabled,last_accessed_at,login_time,password,phone_number,role,state,updated_at,username) values (?,?,?,?,?,?,?,?,?,?,?,?,?,?,?,?,?,?,?)
[UserService] User saved with id: 18
Hibernate: insert into email_verification_token_entity (expiry_date,token,used,user_id) values (?,?,?,?)
[UserService] Verification token created: 64eadcf2-7932-4618-907a-0ad12ce70777
[UserService] Attempting to send verification email to: rv.verify.cc2df3cb-6962-4942-a00e-53bb32d8335f@example.com
[EmailSenderService] Preparing verification email to: rv.verify.cc2df3cb-6962-4942-a00e-53bb32d8335f@example.com
[EmailSenderService] Setting From: t81958319@gmail.com
[EmailSenderService] Verification URL: http://localhost:5173/verify-email?token=64eadcf2-7932-4618-907a-0ad12ce70777
[EmailSenderService] Sending verification email...
[EmailSenderService] Email sent successfully to: rv.verify.cc2df3cb-6962-4942-a00e-53bb32d8335f@example.com
[UserService] sendVerificationEmail returned without exception.
2026-08-21T19:21:38.432+05:30 DEBUG 27204 --- [authentication_module] [nio-8080-exec-9] o.s.security.web.FilterChainProxy        : Securing GET /auth/verify-email?token=64eadcf2-7932-4618-907a-0ad12ce70777
2026-08-21T19:21:38.433+05:30 DEBUG 27204 --- [authentication_module] [nio-8080-exec-9] o.s.s.w.a.AnonymousAuthenticationFilter  : Set SecurityContextHolder to anonymous SecurityContext
2026-08-21T19:21:38.433+05:30 DEBUG 27204 --- [authentication_module] [nio-8080-exec-9] o.s.security.web.FilterChainProxy        : Secured GET /auth/verify-email?token=64eadcf2-7932-4618-907a-0ad12ce70777
2026-08-21T19:21:38.433+05:30 TRACE 27204 --- [authentication_module] [nio-8080-exec-9] s.w.s.m.m.a.RequestMappingHandlerMapping : Mapped to com.example.authentication_module.Controller.UserController#verifyEmail(String)
Hibernate: select evte1_0.id,evte1_0.expiry_date,evte1_0.token,evte1_0.used,evte1_0.user_id from email_verification_token_entity evte1_0 where evte1_0.token=?
Hibernate: select um1_0.id,um1_0.account_non_expired,um1_0.account_non_locked,um1_0.address,um1_0.city,um1_0.country,um1_0.created_at,um1_0.credentials_non_expired,um1_0.date_of_birth,um1_0.email,um1_0.email_verified,um1_0.enabled,um1_0.last_accessed_at,um1_0.login_time,um1_0.password,um1_0.phone_number,um1_0.role,um1_0.state,um1_0.updated_at,um1_0.username from users um1_0 where um1_0.id=?
Hibernate: update users set account_non_expired=?,account_non_locked=?,address=?,city=?,country=?,credentials_non_expired=?,date_of_birth=?,email=?,email_verified=?,enabled=?,last_accessed_at=?,login_time=?,password=?,phone_number=?,role=?,state=?,updated_at=?,username=? where id=?
Hibernate: update email_verification_token_entity set expiry_date=?,token=?,used=?,user_id=? where id=?
2026-08-21T19:22:50.860+05:30 DEBUG 27204 --- [authentication_module] [nio-8080-exec-1] o.s.security.web.FilterChainProxy        : Securing GET /auth/verify-email?token=invalid-token-value
2026-08-21T19:22:50.861+05:30 DEBUG 27204 --- [authentication_module] [nio-8080-exec-1] o.s.s.w.a.AnonymousAuthenticationFilter  : Set SecurityContextHolder to anonymous SecurityContext
2026-08-21T19:22:50.861+05:30 DEBUG 27204 --- [authentication_module] [nio-8080-exec-1] o.s.security.web.FilterChainProxy        : Secured GET /auth/verify-email?token=invalid-token-value
2026-08-21T19:22:50.861+05:30 TRACE 27204 --- [authentication_module] [nio-8080-exec-1] s.w.s.m.m.a.RequestMappingHandlerMapping : Mapped to com.example.authentication_module.Controller.UserController#verifyEmail(String)
Hibernate: select evte1_0.id,evte1_0.expiry_date,evte1_0.token,evte1_0.used,evte1_0.user_id from email_verification_token_entity evte1_0 where evte1_0.token=?
2026-08-21T19:22:50.864+05:30 ERROR 27204 --- [authentication_module] [nio-8080-exec-1] o.a.c.c.C.[.[.[/].[dispatcherServlet]    : Servlet.service() for servlet [dispatcherServlet] in context with path [] threw exception [Request processing failed: java.lang.RuntimeException: Invalid verification token] with root cause

java.lang.RuntimeException: Invalid verification token
	at com.example.authentication_module.Service.UserService.lambda$verifyEmail$3(UserService.java:253) ~[classes/:na]
	at java.base/java.util.Optional.orElseThrow(Optional.java:403) ~[na:na]
	at com.example.authentication_module.Service.UserService.verifyEmail(UserService.java:252) ~[classes/:na]
	at java.base/jdk.internal.reflect.DirectMethodHandleAccessor.invoke(DirectMethodHandleAccessor.java:103) ~[na:na]
	at java.base/java.lang.reflect.Method.invoke(Method.java:580) ~[na:na]
	at org.springframework.aop.support.AopUtils.invokeJoinpointUsingReflection(AopUtils.java:359) ~[spring-aop-7.0.8.jar:7.0.8]
	at org.springframework.aop.framework.CglibAopProxy$DynamicAdvisedInterceptor.intercept(CglibAopProxy.java:715) ~[spring-aop-7.0.8.jar:7.0.8]
	at com.example.authentication_module.Service.UserService$$SpringCGLIB$$0.verifyEmail(<generated>) ~[classes/:na]
	at com.example.authentication_module.Controller.UserController.verifyEmail(UserController.java:73) ~[classes/:na]
	at java.base/jdk.internal.reflect.DirectMethodHandleAccessor.invoke(DirectMethodHandleAccessor.java:103) ~[na:na]
	at java.base/java.lang.reflect.Method.invoke(Method.java:580) ~[na:na]
	at org.springframework.web.method.support.InvocableHandlerMethod.doInvoke(InvocableHandlerMethod.java:252) ~[spring-web-7.0.8.jar:7.0.8]
	at org.springframework.web.method.support.InvocableHandlerMethod.invokeForRequest(InvocableHandlerMethod.java:184) ~[spring-web-7.0.8.jar:7.0.8]
	at org.springframework.web.servlet.mvc.method.annotation.ServletInvocableHandlerMethod.invokeAndHandle(ServletInvocableHandlerMethod.java:117) ~[spring-webmvc-7.0.8.jar:7.0.8]
	at org.springframework.web.servlet.mvc.method.annotation.RequestMappingHandlerAdapter.invokeHandlerMethod(RequestMappingHandlerAdapter.java:934) ~[spring-webmvc-7.0.8.jar:7.0.8]
	at org.springframework.web.servlet.mvc.method.annotation.RequestMappingHandlerAdapter.handleInternal(RequestMappingHandlerAdapter.java:853) ~[spring-webmvc-7.0.8.jar:7.0.8]
	at org.springframework.web.servlet.mvc.method.AbstractHandlerMethodAdapter.handle(AbstractHandlerMethodAdapter.java:86) ~[spring-webmvc-7.0.8.jar:7.0.8]
	at org.springframework.web.servlet.DispatcherServlet.doDispatch(DispatcherServlet.java:963) ~[spring-webmvc-7.0.8.jar:7.0.8]
	at org.springframework.web.servlet.DispatcherServlet.doService(DispatcherServlet.java:866) ~[spring-webmvc-7.0.8.jar:7.0.8]
	at org.springframework.web.servlet.FrameworkServlet.processRequest(FrameworkServlet.java:1000) ~[spring-webmvc-7.0.8.jar:7.0.8]
	at org.springframework.web.servlet.FrameworkServlet.doGet(FrameworkServlet.java:892) ~[spring-webmvc-7.0.8.jar:7.0.8]
	at jakarta.servlet.http.HttpServlet.service(HttpServlet.java:622) ~[tomcat-embed-core-11.0.22.jar:6.1]
	at org.springframework.web.servlet.FrameworkServlet.service(FrameworkServlet.java:874) ~[spring-webmvc-7.0.8.jar:7.0.8]
	at jakarta.servlet.http.HttpServlet.service(HttpServlet.java:710) ~[tomcat-embed-core-11.0.22.jar:6.1]
	at org.apache.catalina.core.ApplicationFilterChain.doFilter(ApplicationFilterChain.java:128) ~[tomcat-embed-core-11.0.22.jar:11.0.22]
	at org.apache.tomcat.websocket.server.WsFilter.doFilter(WsFilter.java:53) ~[tomcat-embed-websocket-11.0.22.jar:11.0.22]
	at org.apache.catalina.core.ApplicationFilterChain.doFilter(ApplicationFilterChain.java:107) ~[tomcat-embed-core-11.0.22.jar:11.0.22]
	at org.springframework.web.filter.OncePerRequestFilter.doFilter(OncePerRequestFilter.java:110) ~[spring-web-7.0.8.jar:7.0.8]
	at org.apache.catalina.core.ApplicationFilterChain.doFilter(ApplicationFilterChain.java:107) ~[tomcat-embed-core-11.0.22.jar:11.0.22]
	at org.springframework.web.filter.CompositeFilter$VirtualFilterChain.doFilter(CompositeFilter.java:108) ~[spring-web-7.0.8.jar:7.0.8]
	at org.springframework.security.web.FilterChainProxy.lambda$doFilterInternal$2(FilterChainProxy.java:235) ~[spring-security-web-7.1.0.jar:7.1.0]
	at org.springframework.security.web.FilterChainProxy$VirtualFilterChain.doFilter(FilterChainProxy.java:376) ~[spring-security-web-7.1.0.jar:7.1.0]
	at org.springframework.security.web.access.intercept.AuthorizationFilter.doFilter(AuthorizationFilter.java:101) ~[spring-security-web-7.1.0.jar:7.1.0]
	at org.springframework.security.web.FilterChainProxy$VirtualFilterChain.doFilter(FilterChainProxy.java:385) ~[spring-security-web-7.1.0.jar:7.1.0]
	at org.springframework.security.web.access.ExceptionTranslationFilter.doFilter(ExceptionTranslationFilter.java:126) ~[spring-security-web-7.1.0.jar:7.1.0]
	at org.springframework.security.web.access.ExceptionTranslationFilter.doFilter(ExceptionTranslationFilter.java:120) ~[spring-security-web-7.1.0.jar:7.1.0]
	at org.springframework.security.web.FilterChainProxy$VirtualFilterChain.doFilter(FilterChainProxy.java:385) ~[spring-security-web-7.1.0.jar:7.1.0]
	at org.springframework.security.web.session.SessionManagementFilter.doFilter(SessionManagementFilter.java:132) ~[spring-security-web-7.1.0.jar:7.1.0]
	at org.springframework.security.web.session.SessionManagementFilter.doFilter(SessionManagementFilter.java:86) ~[spring-security-web-7.1.0.jar:7.1.0]
	at org.springframework.security.web.FilterChainProxy$VirtualFilterChain.doFilter(FilterChainProxy.java:385) ~[spring-security-web-7.1.0.jar:7.1.0]
	at org.springframework.security.web.authentication.AnonymousAuthenticationFilter.doFilter(AnonymousAuthenticationFilter.java:100) ~[spring-security-web-7.1.0.jar:7.1.0]
	at org.springframework.security.web.FilterChainProxy$VirtualFilterChain.doFilter(FilterChainProxy.java:385) ~[spring-security-web-7.1.0.jar:7.1.0]
	at org.springframework.security.web.servletapi.SecurityContextHolderAwareRequestFilter.doFilter(SecurityContextHolderAwareRequestFilter.java:181) ~[spring-security-web-7.1.0.jar:7.1.0]
	at org.springframework.security.web.FilterChainProxy$VirtualFilterChain.doFilter(FilterChainProxy.java:385) ~[spring-security-web-7.1.0.jar:7.1.0]
	at org.springframework.security.web.savedrequest.RequestCacheAwareFilter.doFilter(RequestCacheAwareFilter.java:63) ~[spring-security-web-7.1.0.jar:7.1.0]
	at org.springframework.security.web.FilterChainProxy$VirtualFilterChain.doFilter(FilterChainProxy.java:385) ~[spring-security-web-7.1.0.jar:7.1.0]
	at com.example.authentication_module.Filter.JwtAuthenticationFilter.doFilterInternal(JwtAuthenticationFilter.java:54) ~[classes/:na]
	at org.springframework.web.filter.OncePerRequestFilter.doFilter(OncePerRequestFilter.java:116) ~[spring-web-7.0.8.jar:7.0.8]
	at org.springframework.security.web.FilterChainProxy$VirtualFilterChain.doFilter(FilterChainProxy.java:385) ~[spring-security-web-7.1.0.jar:7.1.0]
	at org.springframework.security.web.authentication.logout.LogoutFilter.doFilter(LogoutFilter.java:110) ~[spring-security-web-7.1.0.jar:7.1.0]
	at org.springframework.security.web.authentication.logout.LogoutFilter.doFilter(LogoutFilter.java:96) ~[spring-security-web-7.1.0.jar:7.1.0]
	at org.springframework.security.web.FilterChainProxy$VirtualFilterChain.doFilter(FilterChainProxy.java:385) ~[spring-security-web-7.1.0.jar:7.1.0]
	at org.springframework.security.web.header.HeaderWriterFilter.doHeadersAfter(HeaderWriterFilter.java:90) ~[spring-security-web-7.1.0.jar:7.1.0]
	at org.springframework.security.web.header.HeaderWriterFilter.doFilterInternal(HeaderWriterFilter.java:75) ~[spring-security-web-7.1.0.jar:7.1.0]
	at org.springframework.web.filter.OncePerRequestFilter.doFilter(OncePerRequestFilter.java:116) ~[spring-web-7.0.8.jar:7.0.8]
	at org.springframework.security.web.FilterChainProxy$VirtualFilterChain.doFilter(FilterChainProxy.java:385) ~[spring-security-web-7.1.0.jar:7.1.0]
	at org.springframework.security.web.context.SecurityContextHolderFilter.doFilter(SecurityContextHolderFilter.java:82) ~[spring-security-web-7.1.0.jar:7.1.0]
	at org.springframework.security.web.context.SecurityContextHolderFilter.doFilter(SecurityContextHolderFilter.java:69) ~[spring-security-web-7.1.0.jar:7.1.0]
	at org.springframework.security.web.FilterChainProxy$VirtualFilterChain.doFilter(FilterChainProxy.java:385) ~[spring-security-web-7.1.0.jar:7.1.0]
	at org.springframework.security.web.context.request.async.WebAsyncManagerIntegrationFilter.doFilterInternal(WebAsyncManagerIntegrationFilter.java:62) ~[spring-security-web-7.1.0.jar:7.1.0]
	at org.springframework.web.filter.OncePerRequestFilter.doFilter(OncePerRequestFilter.java:116) ~[spring-web-7.0.8.jar:7.0.8]
	at org.springframework.security.web.FilterChainProxy$VirtualFilterChain.doFilter(FilterChainProxy.java:385) ~[spring-security-web-7.1.0.jar:7.1.0]
	at org.springframework.security.web.session.DisableEncodeUrlFilter.doFilterInternal(DisableEncodeUrlFilter.java:42) ~[spring-security-web-7.1.0.jar:7.1.0]
	at org.springframework.web.filter.OncePerRequestFilter.doFilter(OncePerRequestFilter.java:116) ~[spring-web-7.0.8.jar:7.0.8]
	at org.springframework.security.web.FilterChainProxy$VirtualFilterChain.doFilter(FilterChainProxy.java:385) ~[spring-security-web-7.1.0.jar:7.1.0]
	at org.springframework.security.web.FilterChainProxy.doFilterInternal(FilterChainProxy.java:237) ~[spring-security-web-7.1.0.jar:7.1.0]
	at org.springframework.security.web.FilterChainProxy.doFilter(FilterChainProxy.java:195) ~[spring-security-web-7.1.0.jar:7.1.0]
	at org.springframework.web.filter.CompositeFilter$VirtualFilterChain.doFilter(CompositeFilter.java:113) ~[spring-web-7.0.8.jar:7.0.8]
	at org.springframework.web.filter.ServletRequestPathFilter.doFilter(ServletRequestPathFilter.java:52) ~[spring-web-7.0.8.jar:7.0.8]
	at org.springframework.web.filter.CompositeFilter$VirtualFilterChain.doFilter(CompositeFilter.java:113) ~[spring-web-7.0.8.jar:7.0.8]
	at org.springframework.web.filter.CompositeFilter.doFilter(CompositeFilter.java:74) ~[spring-web-7.0.8.jar:7.0.8]
	at org.springframework.security.config.annotation.web.configuration.WebSecurityConfiguration$CompositeFilterChainProxy.doFilter(WebSecurityConfiguration.java:317) ~[spring-security-config-7.1.0.jar:7.1.0]
	at org.springframework.web.filter.DelegatingFilterProxy.invokeDelegate(DelegatingFilterProxy.java:355) ~[spring-web-7.0.8.jar:7.0.8]
	at org.springframework.web.filter.DelegatingFilterProxy.doFilter(DelegatingFilterProxy.java:272) ~[spring-web-7.0.8.jar:7.0.8]
	at org.apache.catalina.core.ApplicationFilterChain.doFilter(ApplicationFilterChain.java:107) ~[tomcat-embed-core-11.0.22.jar:11.0.22]
	at org.springframework.web.filter.RequestContextFilter.doFilterInternal(RequestContextFilter.java:100) ~[spring-web-7.0.8.jar:7.0.8]
	at org.springframework.web.filter.OncePerRequestFilter.doFilter(OncePerRequestFilter.java:116) ~[spring-web-7.0.8.jar:7.0.8]
	at org.apache.catalina.core.ApplicationFilterChain.doFilter(ApplicationFilterChain.java:107) ~[tomcat-embed-core-11.0.22.jar:11.0.22]
	at org.springframework.web.filter.FormContentFilter.doFilterInternal(FormContentFilter.java:93) ~[spring-web-7.0.8.jar:7.0.8]
	at org.springframework.web.filter.OncePerRequestFilter.doFilter(OncePerRequestFilter.java:116) ~[spring-web-7.0.8.jar:7.0.8]
	at org.apache.catalina.core.ApplicationFilterChain.doFilter(ApplicationFilterChain.java:107) ~[tomcat-embed-core-11.0.22.jar:11.0.22]
	at org.springframework.web.filter.CharacterEncodingFilter.doFilterInternal(CharacterEncodingFilter.java:199) ~[spring-web-7.0.8.jar:7.0.8]
	at org.springframework.web.filter.OncePerRequestFilter.doFilter(OncePerRequestFilter.java:116) ~[spring-web-7.0.8.jar:7.0.8]
	at org.apache.catalina.core.ApplicationFilterChain.doFilter(ApplicationFilterChain.java:107) ~[tomcat-embed-core-11.0.22.jar:11.0.22]
	at org.apache.catalina.core.StandardWrapperValve.invoke(StandardWrapperValve.java:165) ~[tomcat-embed-core-11.0.22.jar:11.0.22]
	at org.apache.catalina.core.StandardContextValve.invoke(StandardContextValve.java:77) ~[tomcat-embed-core-11.0.22.jar:11.0.22]
	at org.apache.catalina.authenticator.AuthenticatorBase.invoke(AuthenticatorBase.java:492) ~[tomcat-embed-core-11.0.22.jar:11.0.22]
	at org.apache.catalina.core.StandardHostValve.invoke(StandardHostValve.java:113) ~[tomcat-embed-core-11.0.22.jar:11.0.22]
	at org.apache.catalina.valves.ErrorReportValve.invoke(ErrorReportValve.java:83) ~[tomcat-embed-core-11.0.22.jar:11.0.22]
	at org.apache.catalina.core.StandardEngineValve.invoke(StandardEngineValve.java:72) ~[tomcat-embed-core-11.0.22.jar:11.0.22]
	at org.apache.catalina.connector.CoyoteAdapter.service(CoyoteAdapter.java:341) ~[tomcat-embed-core-11.0.22.jar:11.0.22]
	at org.apache.coyote.http11.Http11Processor.service(Http11Processor.java:397) ~[tomcat-embed-core-11.0.22.jar:11.0.22]
	at org.apache.coyote.AbstractProcessorLight.process(AbstractProcessorLight.java:63) ~[tomcat-embed-core-11.0.22.jar:11.0.22]
	at org.apache.coyote.AbstractProtocol$ConnectionHandler.process(AbstractProtocol.java:1272) ~[tomcat-embed-core-11.0.22.jar:11.0.22]
	at org.apache.tomcat.util.net.NioEndpoint$SocketProcessor.doRun(NioEndpoint.java:1801) ~[tomcat-embed-core-11.0.22.jar:11.0.22]
	at org.apache.tomcat.util.net.SocketProcessorBase.run(SocketProcessorBase.java:52) ~[tomcat-embed-core-11.0.22.jar:11.0.22]
	at org.apache.tomcat.util.threads.ThreadPoolExecutor.runWorker(ThreadPoolExecutor.java:946) ~[tomcat-embed-core-11.0.22.jar:11.0.22]
	at org.apache.tomcat.util.threads.ThreadPoolExecutor$Worker.run(ThreadPoolExecutor.java:480) ~[tomcat-embed-core-11.0.22.jar:11.0.22]
	at org.apache.tomcat.util.threads.TaskThread$WrappingRunnable.run(TaskThread.java:57) ~[tomcat-embed-core-11.0.22.jar:11.0.22]
	at java.base/java.lang.Thread.run(Thread.java:1583) ~[na:na]

2026-08-21T19:22:50.873+05:30 DEBUG 27204 --- [authentication_module] [nio-8080-exec-1] o.s.security.web.FilterChainProxy        : Securing GET /error?token=invalid-token-value
2026-08-21T19:22:50.873+05:30 DEBUG 27204 --- [authentication_module] [nio-8080-exec-1] o.s.s.w.a.AnonymousAuthenticationFilter  : Set SecurityContextHolder to anonymous SecurityContext
2026-08-21T19:22:50.873+05:30 DEBUG 27204 --- [authentication_module] [nio-8080-exec-1] o.s.s.w.a.Http403ForbiddenEntryPoint     : Pre-authenticated entry point called. Rejecting access
2026-08-21T19:22:50.950+05:30 DEBUG 27204 --- [authentication_module] [nio-8080-exec-2] o.s.security.web.FilterChainProxy        : Securing GET /auth/verify-email?token=64eadcf2-7932-4618-907a-0ad12ce70777
2026-08-21T19:22:50.950+05:30 DEBUG 27204 --- [authentication_module] [nio-8080-exec-2] o.s.s.w.a.AnonymousAuthenticationFilter  : Set SecurityContextHolder to anonymous SecurityContext
2026-08-21T19:22:50.950+05:30 DEBUG 27204 --- [authentication_module] [nio-8080-exec-2] o.s.security.web.FilterChainProxy        : Secured GET /auth/verify-email?token=64eadcf2-7932-4618-907a-0ad12ce70777
2026-08-21T19:22:50.951+05:30 TRACE 27204 --- [authentication_module] [nio-8080-exec-2] s.w.s.m.m.a.RequestMappingHandlerMapping : Mapped to com.example.authentication_module.Controller.UserController#verifyEmail(String)
Hibernate: select evte1_0.id,evte1_0.expiry_date,evte1_0.token,evte1_0.used,evte1_0.user_id from email_verification_token_entity evte1_0 where evte1_0.token=?
Hibernate: select um1_0.id,um1_0.account_non_expired,um1_0.account_non_locked,um1_0.address,um1_0.city,um1_0.country,um1_0.created_at,um1_0.credentials_non_expired,um1_0.date_of_birth,um1_0.email,um1_0.email_verified,um1_0.enabled,um1_0.last_accessed_at,um1_0.login_time,um1_0.password,um1_0.phone_number,um1_0.role,um1_0.state,um1_0.updated_at,um1_0.username from users um1_0 where um1_0.id=?
2026-08-21T19:22:50.954+05:30 ERROR 27204 --- [authentication_module] [nio-8080-exec-2] o.a.c.c.C.[.[.[/].[dispatcherServlet]    : Servlet.service() for servlet [dispatcherServlet] in context with path [] threw exception [Request processing failed: java.lang.RuntimeException: Verification token has already been used.] with root cause

java.lang.RuntimeException: Verification token has already been used.
	at com.example.authentication_module.Service.UserService.verifyEmail(UserService.java:256) ~[classes/:na]
	at java.base/jdk.internal.reflect.DirectMethodHandleAccessor.invoke(DirectMethodHandleAccessor.java:103) ~[na:na]
	at java.base/java.lang.reflect.Method.invoke(Method.java:580) ~[na:na]
	at org.springframework.aop.support.AopUtils.invokeJoinpointUsingReflection(AopUtils.java:359) ~[spring-aop-7.0.8.jar:7.0.8]
	at org.springframework.aop.framework.CglibAopProxy$DynamicAdvisedInterceptor.intercept(CglibAopProxy.java:715) ~[spring-aop-7.0.8.jar:7.0.8]
	at com.example.authentication_module.Service.UserService$$SpringCGLIB$$0.verifyEmail(<generated>) ~[classes/:na]
	at com.example.authentication_module.Controller.UserController.verifyEmail(UserController.java:73) ~[classes/:na]
	at java.base/jdk.internal.reflect.DirectMethodHandleAccessor.invoke(DirectMethodHandleAccessor.java:103) ~[na:na]
	at java.base/java.lang.reflect.Method.invoke(Method.java:580) ~[na:na]
	at org.springframework.web.method.support.InvocableHandlerMethod.doInvoke(InvocableHandlerMethod.java:252) ~[spring-web-7.0.8.jar:7.0.8]
	at org.springframework.web.method.support.InvocableHandlerMethod.invokeForRequest(InvocableHandlerMethod.java:184) ~[spring-web-7.0.8.jar:7.0.8]
	at org.springframework.web.servlet.mvc.method.annotation.ServletInvocableHandlerMethod.invokeAndHandle(ServletInvocableHandlerMethod.java:117) ~[spring-webmvc-7.0.8.jar:7.0.8]
	at org.springframework.web.servlet.mvc.method.annotation.RequestMappingHandlerAdapter.invokeHandlerMethod(RequestMappingHandlerAdapter.java:934) ~[spring-webmvc-7.0.8.jar:7.0.8]
	at org.springframework.web.servlet.mvc.method.annotation.RequestMappingHandlerAdapter.handleInternal(RequestMappingHandlerAdapter.java:853) ~[spring-webmvc-7.0.8.jar:7.0.8]
	at org.springframework.web.servlet.mvc.method.AbstractHandlerMethodAdapter.handle(AbstractHandlerMethodAdapter.java:86) ~[spring-webmvc-7.0.8.jar:7.0.8]
	at org.springframework.web.servlet.DispatcherServlet.doDispatch(DispatcherServlet.java:963) ~[spring-webmvc-7.0.8.jar:7.0.8]
	at org.springframework.web.servlet.DispatcherServlet.doService(DispatcherServlet.java:866) ~[spring-webmvc-7.0.8.jar:7.0.8]
	at org.springframework.web.servlet.FrameworkServlet.processRequest(FrameworkServlet.java:1000) ~[spring-webmvc-7.0.8.jar:7.0.8]
	at org.springframework.web.servlet.FrameworkServlet.doGet(FrameworkServlet.java:892) ~[spring-webmvc-7.0.8.jar:7.0.8]
	at jakarta.servlet.http.HttpServlet.service(HttpServlet.java:622) ~[tomcat-embed-core-11.0.22.jar:6.1]
	at org.springframework.web.servlet.FrameworkServlet.service(FrameworkServlet.java:874) ~[spring-webmvc-7.0.8.jar:7.0.8]
	at jakarta.servlet.http.HttpServlet.service(HttpServlet.java:710) ~[tomcat-embed-core-11.0.22.jar:6.1]
	at org.apache.catalina.core.ApplicationFilterChain.doFilter(ApplicationFilterChain.java:128) ~[tomcat-embed-core-11.0.22.jar:11.0.22]
	at org.apache.tomcat.websocket.server.WsFilter.doFilter(WsFilter.java:53) ~[tomcat-embed-websocket-11.0.22.jar:11.0.22]
	at org.apache.catalina.core.ApplicationFilterChain.doFilter(ApplicationFilterChain.java:107) ~[tomcat-embed-core-11.0.22.jar:11.0.22]
	at org.springframework.web.filter.OncePerRequestFilter.doFilter(OncePerRequestFilter.java:110) ~[spring-web-7.0.8.jar:7.0.8]
	at org.apache.catalina.core.ApplicationFilterChain.doFilter(ApplicationFilterChain.java:107) ~[tomcat-embed-core-11.0.22.jar:11.0.22]
	at org.springframework.web.filter.CompositeFilter$VirtualFilterChain.doFilter(CompositeFilter.java:108) ~[spring-web-7.0.8.jar:7.0.8]
	at org.springframework.security.web.FilterChainProxy.lambda$doFilterInternal$2(FilterChainProxy.java:235) ~[spring-security-web-7.1.0.jar:7.1.0]
	at org.springframework.security.web.FilterChainProxy$VirtualFilterChain.doFilter(FilterChainProxy.java:376) ~[spring-security-web-7.1.0.jar:7.1.0]
	at org.springframework.security.web.access.intercept.AuthorizationFilter.doFilter(AuthorizationFilter.java:101) ~[spring-security-web-7.1.0.jar:7.1.0]
	at org.springframework.security.web.FilterChainProxy$VirtualFilterChain.doFilter(FilterChainProxy.java:385) ~[spring-security-web-7.1.0.jar:7.1.0]
	at org.springframework.security.web.access.ExceptionTranslationFilter.doFilter(ExceptionTranslationFilter.java:126) ~[spring-security-web-7.1.0.jar:7.1.0]
	at org.springframework.security.web.access.ExceptionTranslationFilter.doFilter(ExceptionTranslationFilter.java:120) ~[spring-security-web-7.1.0.jar:7.1.0]
	at org.springframework.security.web.FilterChainProxy$VirtualFilterChain.doFilter(FilterChainProxy.java:385) ~[spring-security-web-7.1.0.jar:7.1.0]
	at org.springframework.security.web.session.SessionManagementFilter.doFilter(SessionManagementFilter.java:132) ~[spring-security-web-7.1.0.jar:7.1.0]
	at org.springframework.security.web.session.SessionManagementFilter.doFilter(SessionManagementFilter.java:86) ~[spring-security-web-7.1.0.jar:7.1.0]
	at org.springframework.security.web.FilterChainProxy$VirtualFilterChain.doFilter(FilterChainProxy.java:385) ~[spring-security-web-7.1.0.jar:7.1.0]
	at org.springframework.security.web.authentication.AnonymousAuthenticationFilter.doFilter(AnonymousAuthenticationFilter.java:100) ~[spring-security-web-7.1.0.jar:7.1.0]
	at org.springframework.security.web.FilterChainProxy$VirtualFilterChain.doFilter(FilterChainProxy.java:385) ~[spring-security-web-7.1.0.jar:7.1.0]
	at org.springframework.security.web.servletapi.SecurityContextHolderAwareRequestFilter.doFilter(SecurityContextHolderAwareRequestFilter.java:181) ~[spring-security-web-7.1.0.jar:7.1.0]
	at org.springframework.security.web.FilterChainProxy$VirtualFilterChain.doFilter(FilterChainProxy.java:385) ~[spring-security-web-7.1.0.jar:7.1.0]
	at org.springframework.security.web.savedrequest.RequestCacheAwareFilter.doFilter(RequestCacheAwareFilter.java:63) ~[spring-security-web-7.1.0.jar:7.1.0]
	at org.springframework.security.web.FilterChainProxy$VirtualFilterChain.doFilter(FilterChainProxy.java:385) ~[spring-security-web-7.1.0.jar:7.1.0]
	at com.example.authentication_module.Filter.JwtAuthenticationFilter.doFilterInternal(JwtAuthenticationFilter.java:54) ~[classes/:na]
	at org.springframework.web.filter.OncePerRequestFilter.doFilter(OncePerRequestFilter.java:116) ~[spring-web-7.0.8.jar:7.0.8]
	at org.springframework.security.web.FilterChainProxy$VirtualFilterChain.doFilter(FilterChainProxy.java:385) ~[spring-security-web-7.1.0.jar:7.1.0]
	at org.springframework.security.web.authentication.logout.LogoutFilter.doFilter(LogoutFilter.java:110) ~[spring-security-web-7.1.0.jar:7.1.0]
	at org.springframework.security.web.authentication.logout.LogoutFilter.doFilter(LogoutFilter.java:96) ~[spring-security-web-7.1.0.jar:7.1.0]
	at org.springframework.security.web.FilterChainProxy$VirtualFilterChain.doFilter(FilterChainProxy.java:385) ~[spring-security-web-7.1.0.jar:7.1.0]
	at org.springframework.security.web.header.HeaderWriterFilter.doHeadersAfter(HeaderWriterFilter.java:90) ~[spring-security-web-7.1.0.jar:7.1.0]
	at org.springframework.security.web.header.HeaderWriterFilter.doFilterInternal(HeaderWriterFilter.java:75) ~[spring-security-web-7.1.0.jar:7.1.0]
	at org.springframework.web.filter.OncePerRequestFilter.doFilter(OncePerRequestFilter.java:116) ~[spring-web-7.0.8.jar:7.0.8]
	at org.springframework.security.web.FilterChainProxy$VirtualFilterChain.doFilter(FilterChainProxy.java:385) ~[spring-security-web-7.1.0.jar:7.1.0]
	at org.springframework.security.web.context.SecurityContextHolderFilter.doFilter(SecurityContextHolderFilter.java:82) ~[spring-security-web-7.1.0.jar:7.1.0]
	at org.springframework.security.web.context.SecurityContextHolderFilter.doFilter(SecurityContextHolderFilter.java:69) ~[spring-security-web-7.1.0.jar:7.1.0]
	at org.springframework.security.web.FilterChainProxy$VirtualFilterChain.doFilter(FilterChainProxy.java:385) ~[spring-security-web-7.1.0.jar:7.1.0]
	at org.springframework.security.web.context.request.async.WebAsyncManagerIntegrationFilter.doFilterInternal(WebAsyncManagerIntegrationFilter.java:62) ~[spring-security-web-7.1.0.jar:7.1.0]
	at org.springframework.web.filter.OncePerRequestFilter.doFilter(OncePerRequestFilter.java:116) ~[spring-web-7.0.8.jar:7.0.8]
	at org.springframework.security.web.FilterChainProxy$VirtualFilterChain.doFilter(FilterChainProxy.java:385) ~[spring-security-web-7.1.0.jar:7.1.0]
	at org.springframework.security.web.session.DisableEncodeUrlFilter.doFilterInternal(DisableEncodeUrlFilter.java:42) ~[spring-security-web-7.1.0.jar:7.1.0]
	at org.springframework.web.filter.OncePerRequestFilter.doFilter(OncePerRequestFilter.java:116) ~[spring-web-7.0.8.jar:7.0.8]
	at org.springframework.security.web.FilterChainProxy$VirtualFilterChain.doFilter(FilterChainProxy.java:385) ~[spring-security-web-7.1.0.jar:7.1.0]
	at org.springframework.security.web.FilterChainProxy.doFilterInternal(FilterChainProxy.java:237) ~[spring-security-web-7.1.0.jar:7.1.0]
	at org.springframework.security.web.FilterChainProxy.doFilter(FilterChainProxy.java:195) ~[spring-security-web-7.1.0.jar:7.1.0]
	at org.springframework.web.filter.CompositeFilter$VirtualFilterChain.doFilter(CompositeFilter.java:113) ~[spring-web-7.0.8.jar:7.0.8]
	at org.springframework.web.filter.ServletRequestPathFilter.doFilter(ServletRequestPathFilter.java:52) ~[spring-web-7.0.8.jar:7.0.8]
	at org.springframework.web.filter.CompositeFilter$VirtualFilterChain.doFilter(CompositeFilter.java:113) ~[spring-web-7.0.8.jar:7.0.8]
	at org.springframework.web.filter.CompositeFilter.doFilter(CompositeFilter.java:74) ~[spring-web-7.0.8.jar:7.0.8]
	at org.springframework.security.config.annotation.web.configuration.WebSecurityConfiguration$CompositeFilterChainProxy.doFilter(WebSecurityConfiguration.java:317) ~[spring-security-config-7.1.0.jar:7.1.0]
	at org.springframework.web.filter.DelegatingFilterProxy.invokeDelegate(DelegatingFilterProxy.java:355) ~[spring-web-7.0.8.jar:7.0.8]
	at org.springframework.web.filter.DelegatingFilterProxy.doFilter(DelegatingFilterProxy.java:272) ~[spring-web-7.0.8.jar:7.0.8]
	at org.apache.catalina.core.ApplicationFilterChain.doFilter(ApplicationFilterChain.java:107) ~[tomcat-embed-core-11.0.22.jar:11.0.22]
	at org.springframework.web.filter.RequestContextFilter.doFilterInternal(RequestContextFilter.java:100) ~[spring-web-7.0.8.jar:7.0.8]
	at org.springframework.web.filter.OncePerRequestFilter.doFilter(OncePerRequestFilter.java:116) ~[spring-web-7.0.8.jar:7.0.8]
	at org.apache.catalina.core.ApplicationFilterChain.doFilter(ApplicationFilterChain.java:107) ~[tomcat-embed-core-11.0.22.jar:11.0.22]
	at org.springframework.web.filter.FormContentFilter.doFilterInternal(FormContentFilter.java:93) ~[spring-web-7.0.8.jar:7.0.8]
	at org.springframework.web.filter.OncePerRequestFilter.doFilter(OncePerRequestFilter.java:116) ~[spring-web-7.0.8.jar:7.0.8]
	at org.apache.catalina.core.ApplicationFilterChain.doFilter(ApplicationFilterChain.java:107) ~[tomcat-embed-core-11.0.22.jar:11.0.22]
	at org.springframework.web.filter.CharacterEncodingFilter.doFilterInternal(CharacterEncodingFilter.java:199) ~[spring-web-7.0.8.jar:7.0.8]
	at org.springframework.web.filter.OncePerRequestFilter.doFilter(OncePerRequestFilter.java:116) ~[spring-web-7.0.8.jar:7.0.8]
	at org.apache.catalina.core.ApplicationFilterChain.doFilter(ApplicationFilterChain.java:107) ~[tomcat-embed-core-11.0.22.jar:11.0.22]
	at org.apache.catalina.core.StandardWrapperValve.invoke(StandardWrapperValve.java:165) ~[tomcat-embed-core-11.0.22.jar:11.0.22]
	at org.apache.catalina.core.StandardContextValve.invoke(StandardContextValve.java:77) ~[tomcat-embed-core-11.0.22.jar:11.0.22]
	at org.apache.catalina.authenticator.AuthenticatorBase.invoke(AuthenticatorBase.java:492) ~[tomcat-embed-core-11.0.22.jar:11.0.22]
	at org.apache.catalina.core.StandardHostValve.invoke(StandardHostValve.java:113) ~[tomcat-embed-core-11.0.22.jar:11.0.22]
	at org.apache.catalina.valves.ErrorReportValve.invoke(ErrorReportValve.java:83) ~[tomcat-embed-core-11.0.22.jar:11.0.22]
	at org.apache.catalina.core.StandardEngineValve.invoke(StandardEngineValve.java:72) ~[tomcat-embed-core-11.0.22.jar:11.0.22]
	at org.apache.catalina.connector.CoyoteAdapter.service(CoyoteAdapter.java:341) ~[tomcat-embed-core-11.0.22.jar:11.0.22]
	at org.apache.coyote.http11.Http11Processor.service(Http11Processor.java:397) ~[tomcat-embed-core-11.0.22.jar:11.0.22]
	at org.apache.coyote.AbstractProcessorLight.process(AbstractProcessorLight.java:63) ~[tomcat-embed-core-11.0.22.jar:11.0.22]
	at org.apache.coyote.AbstractProtocol$ConnectionHandler.process(AbstractProtocol.java:1272) ~[tomcat-embed-core-11.0.22.jar:11.0.22]
	at org.apache.tomcat.util.net.NioEndpoint$SocketProcessor.doRun(NioEndpoint.java:1801) ~[tomcat-embed-core-11.0.22.jar:11.0.22]
	at org.apache.tomcat.util.net.SocketProcessorBase.run(SocketProcessorBase.java:52) ~[tomcat-embed-core-11.0.22.jar:11.0.22]
	at org.apache.tomcat.util.threads.ThreadPoolExecutor.runWorker(ThreadPoolExecutor.java:946) ~[tomcat-embed-core-11.0.22.jar:11.0.22]
	at org.apache.tomcat.util.threads.ThreadPoolExecutor$Worker.run(ThreadPoolExecutor.java:480) ~[tomcat-embed-core-11.0.22.jar:11.0.22]
	at org.apache.tomcat.util.threads.TaskThread$WrappingRunnable.run(TaskThread.java:57) ~[tomcat-embed-core-11.0.22.jar:11.0.22]
	at java.base/java.lang.Thread.run(Thread.java:1583) ~[na:na]

2026-08-21T19:22:50.955+05:30 DEBUG 27204 --- [authentication_module] [nio-8080-exec-2] o.s.security.web.FilterChainProxy        : Securing GET /error?token=64eadcf2-7932-4618-907a-0ad12ce70777
2026-08-21T19:22:50.955+05:30 DEBUG 27204 --- [authentication_module] [nio-8080-exec-2] o.s.s.w.a.AnonymousAuthenticationFilter  : Set SecurityContextHolder to anonymous SecurityContext
2026-08-21T19:22:50.955+05:30 DEBUG 27204 --- [authentication_module] [nio-8080-exec-2] o.s.s.w.a.Http403ForbiddenEntryPoint     : Pre-authenticated entry point called. Rejecting access
2026-08-21T19:23:02.963+05:30 DEBUG 27204 --- [authentication_module] [nio-8080-exec-5] o.s.security.web.FilterChainProxy        : Securing GET /auth/verify-email?token=invalid-token-value
2026-08-21T19:23:02.963+05:30 DEBUG 27204 --- [authentication_module] [nio-8080-exec-5] o.s.s.w.a.AnonymousAuthenticationFilter  : Set SecurityContextHolder to anonymous SecurityContext
2026-08-21T19:23:02.963+05:30 DEBUG 27204 --- [authentication_module] [nio-8080-exec-5] o.s.security.web.FilterChainProxy        : Secured GET /auth/verify-email?token=invalid-token-value
2026-08-21T19:23:02.963+05:30 TRACE 27204 --- [authentication_module] [nio-8080-exec-5] s.w.s.m.m.a.RequestMappingHandlerMapping : Mapped to com.example.authentication_module.Controller.UserController#verifyEmail(String)
Hibernate: select evte1_0.id,evte1_0.expiry_date,evte1_0.token,evte1_0.used,evte1_0.user_id from email_verification_token_entity evte1_0 where evte1_0.token=?
2026-08-21T19:23:02.965+05:30 ERROR 27204 --- [authentication_module] [nio-8080-exec-5] o.a.c.c.C.[.[.[/].[dispatcherServlet]    : Servlet.service() for servlet [dispatcherServlet] in context with path [] threw exception [Request processing failed: java.lang.RuntimeException: Invalid verification token] with root cause

java.lang.RuntimeException: Invalid verification token
	at com.example.authentication_module.Service.UserService.lambda$verifyEmail$3(UserService.java:253) ~[classes/:na]
	at java.base/java.util.Optional.orElseThrow(Optional.java:403) ~[na:na]
	at com.example.authentication_module.Service.UserService.verifyEmail(UserService.java:252) ~[classes/:na]
	at java.base/jdk.internal.reflect.DirectMethodHandleAccessor.invoke(DirectMethodHandleAccessor.java:103) ~[na:na]
	at java.base/java.lang.reflect.Method.invoke(Method.java:580) ~[na:na]
	at org.springframework.aop.support.AopUtils.invokeJoinpointUsingReflection(AopUtils.java:359) ~[spring-aop-7.0.8.jar:7.0.8]
	at org.springframework.aop.framework.CglibAopProxy$DynamicAdvisedInterceptor.intercept(CglibAopProxy.java:715) ~[spring-aop-7.0.8.jar:7.0.8]
	at com.example.authentication_module.Service.UserService$$SpringCGLIB$$0.verifyEmail(<generated>) ~[classes/:na]
	at com.example.authentication_module.Controller.UserController.verifyEmail(UserController.java:73) ~[classes/:na]
	at java.base/jdk.internal.reflect.DirectMethodHandleAccessor.invoke(DirectMethodHandleAccessor.java:103) ~[na:na]
	at java.base/java.lang.reflect.Method.invoke(Method.java:580) ~[na:na]
	at org.springframework.web.method.support.InvocableHandlerMethod.doInvoke(InvocableHandlerMethod.java:252) ~[spring-web-7.0.8.jar:7.0.8]
	at org.springframework.web.method.support.InvocableHandlerMethod.invokeForRequest(InvocableHandlerMethod.java:184) ~[spring-web-7.0.8.jar:7.0.8]
	at org.springframework.web.servlet.mvc.method.annotation.ServletInvocableHandlerMethod.invokeAndHandle(ServletInvocableHandlerMethod.java:117) ~[spring-webmvc-7.0.8.jar:7.0.8]
	at org.springframework.web.servlet.mvc.method.annotation.RequestMappingHandlerAdapter.invokeHandlerMethod(RequestMappingHandlerAdapter.java:934) ~[spring-webmvc-7.0.8.jar:7.0.8]
	at org.springframework.web.servlet.mvc.method.annotation.RequestMappingHandlerAdapter.handleInternal(RequestMappingHandlerAdapter.java:853) ~[spring-webmvc-7.0.8.jar:7.0.8]
	at org.springframework.web.servlet.mvc.method.AbstractHandlerMethodAdapter.handle(AbstractHandlerMethodAdapter.java:86) ~[spring-webmvc-7.0.8.jar:7.0.8]
	at org.springframework.web.servlet.DispatcherServlet.doDispatch(DispatcherServlet.java:963) ~[spring-webmvc-7.0.8.jar:7.0.8]
	at org.springframework.web.servlet.DispatcherServlet.doService(DispatcherServlet.java:866) ~[spring-webmvc-7.0.8.jar:7.0.8]
	at org.springframework.web.servlet.FrameworkServlet.processRequest(FrameworkServlet.java:1000) ~[spring-webmvc-7.0.8.jar:7.0.8]
	at org.springframework.web.servlet.FrameworkServlet.doGet(FrameworkServlet.java:892) ~[spring-webmvc-7.0.8.jar:7.0.8]
	at jakarta.servlet.http.HttpServlet.service(HttpServlet.java:622) ~[tomcat-embed-core-11.0.22.jar:6.1]
	at org.springframework.web.servlet.FrameworkServlet.service(FrameworkServlet.java:874) ~[spring-webmvc-7.0.8.jar:7.0.8]
	at jakarta.servlet.http.HttpServlet.service(HttpServlet.java:710) ~[tomcat-embed-core-11.0.22.jar:6.1]
	at org.apache.catalina.core.ApplicationFilterChain.doFilter(ApplicationFilterChain.java:128) ~[tomcat-embed-core-11.0.22.jar:11.0.22]
	at org.apache.tomcat.websocket.server.WsFilter.doFilter(WsFilter.java:53) ~[tomcat-embed-websocket-11.0.22.jar:11.0.22]
	at org.apache.catalina.core.ApplicationFilterChain.doFilter(ApplicationFilterChain.java:107) ~[tomcat-embed-core-11.0.22.jar:11.0.22]
	at org.springframework.web.filter.OncePerRequestFilter.doFilter(OncePerRequestFilter.java:110) ~[spring-web-7.0.8.jar:7.0.8]
	at org.apache.catalina.core.ApplicationFilterChain.doFilter(ApplicationFilterChain.java:107) ~[tomcat-embed-core-11.0.22.jar:11.0.22]
	at org.springframework.web.filter.CompositeFilter$VirtualFilterChain.doFilter(CompositeFilter.java:108) ~[spring-web-7.0.8.jar:7.0.8]
	at org.springframework.security.web.FilterChainProxy.lambda$doFilterInternal$2(FilterChainProxy.java:235) ~[spring-security-web-7.1.0.jar:7.1.0]
	at org.springframework.security.web.FilterChainProxy$VirtualFilterChain.doFilter(FilterChainProxy.java:376) ~[spring-security-web-7.1.0.jar:7.1.0]
	at org.springframework.security.web.access.intercept.AuthorizationFilter.doFilter(AuthorizationFilter.java:101) ~[spring-security-web-7.1.0.jar:7.1.0]
	at org.springframework.security.web.FilterChainProxy$VirtualFilterChain.doFilter(FilterChainProxy.java:385) ~[spring-security-web-7.1.0.jar:7.1.0]
	at org.springframework.security.web.access.ExceptionTranslationFilter.doFilter(ExceptionTranslationFilter.java:126) ~[spring-security-web-7.1.0.jar:7.1.0]
	at org.springframework.security.web.access.ExceptionTranslationFilter.doFilter(ExceptionTranslationFilter.java:120) ~[spring-security-web-7.1.0.jar:7.1.0]
	at org.springframework.security.web.FilterChainProxy$VirtualFilterChain.doFilter(FilterChainProxy.java:385) ~[spring-security-web-7.1.0.jar:7.1.0]
	at org.springframework.security.web.session.SessionManagementFilter.doFilter(SessionManagementFilter.java:132) ~[spring-security-web-7.1.0.jar:7.1.0]
	at org.springframework.security.web.session.SessionManagementFilter.doFilter(SessionManagementFilter.java:86) ~[spring-security-web-7.1.0.jar:7.1.0]
	at org.springframework.security.web.FilterChainProxy$VirtualFilterChain.doFilter(FilterChainProxy.java:385) ~[spring-security-web-7.1.0.jar:7.1.0]
	at org.springframework.security.web.authentication.AnonymousAuthenticationFilter.doFilter(AnonymousAuthenticationFilter.java:100) ~[spring-security-web-7.1.0.jar:7.1.0]
	at org.springframework.security.web.FilterChainProxy$VirtualFilterChain.doFilter(FilterChainProxy.java:385) ~[spring-security-web-7.1.0.jar:7.1.0]
	at org.springframework.security.web.servletapi.SecurityContextHolderAwareRequestFilter.doFilter(SecurityContextHolderAwareRequestFilter.java:181) ~[spring-security-web-7.1.0.jar:7.1.0]
	at org.springframework.security.web.FilterChainProxy$VirtualFilterChain.doFilter(FilterChainProxy.java:385) ~[spring-security-web-7.1.0.jar:7.1.0]
	at org.springframework.security.web.savedrequest.RequestCacheAwareFilter.doFilter(RequestCacheAwareFilter.java:63) ~[spring-security-web-7.1.0.jar:7.1.0]
	at org.springframework.security.web.FilterChainProxy$VirtualFilterChain.doFilter(FilterChainProxy.java:385) ~[spring-security-web-7.1.0.jar:7.1.0]
	at com.example.authentication_module.Filter.JwtAuthenticationFilter.doFilterInternal(JwtAuthenticationFilter.java:54) ~[classes/:na]
	at org.springframework.web.filter.OncePerRequestFilter.doFilter(OncePerRequestFilter.java:116) ~[spring-web-7.0.8.jar:7.0.8]
	at org.springframework.security.web.FilterChainProxy$VirtualFilterChain.doFilter(FilterChainProxy.java:385) ~[spring-security-web-7.1.0.jar:7.1.0]
	at org.springframework.security.web.authentication.logout.LogoutFilter.doFilter(LogoutFilter.java:110) ~[spring-security-web-7.1.0.jar:7.1.0]
	at org.springframework.security.web.authentication.logout.LogoutFilter.doFilter(LogoutFilter.java:96) ~[spring-security-web-7.1.0.jar:7.1.0]
	at org.springframework.security.web.FilterChainProxy$VirtualFilterChain.doFilter(FilterChainProxy.java:385) ~[spring-security-web-7.1.0.jar:7.1.0]
	at org.springframework.security.web.header.HeaderWriterFilter.doHeadersAfter(HeaderWriterFilter.java:90) ~[spring-security-web-7.1.0.jar:7.1.0]
	at org.springframework.security.web.header.HeaderWriterFilter.doFilterInternal(HeaderWriterFilter.java:75) ~[spring-security-web-7.1.0.jar:7.1.0]
	at org.springframework.web.filter.OncePerRequestFilter.doFilter(OncePerRequestFilter.java:116) ~[spring-web-7.0.8.jar:7.0.8]
	at org.springframework.security.web.FilterChainProxy$VirtualFilterChain.doFilter(FilterChainProxy.java:385) ~[spring-security-web-7.1.0.jar:7.1.0]
	at org.springframework.security.web.context.SecurityContextHolderFilter.doFilter(SecurityContextHolderFilter.java:82) ~[spring-security-web-7.1.0.jar:7.1.0]
	at org.springframework.security.web.context.SecurityContextHolderFilter.doFilter(SecurityContextHolderFilter.java:69) ~[spring-security-web-7.1.0.jar:7.1.0]
	at org.springframework.security.web.FilterChainProxy$VirtualFilterChain.doFilter(FilterChainProxy.java:385) ~[spring-security-web-7.1.0.jar:7.1.0]
	at org.springframework.security.web.context.request.async.WebAsyncManagerIntegrationFilter.doFilterInternal(WebAsyncManagerIntegrationFilter.java:62) ~[spring-security-web-7.1.0.jar:7.1.0]
	at org.springframework.web.filter.OncePerRequestFilter.doFilter(OncePerRequestFilter.java:116) ~[spring-web-7.0.8.jar:7.0.8]
	at org.springframework.security.web.FilterChainProxy$VirtualFilterChain.doFilter(FilterChainProxy.java:385) ~[spring-security-web-7.1.0.jar:7.1.0]
	at org.springframework.security.web.session.DisableEncodeUrlFilter.doFilterInternal(DisableEncodeUrlFilter.java:42) ~[spring-security-web-7.1.0.jar:7.1.0]
	at org.springframework.web.filter.OncePerRequestFilter.doFilter(OncePerRequestFilter.java:116) ~[spring-web-7.0.8.jar:7.0.8]
	at org.springframework.security.web.FilterChainProxy$VirtualFilterChain.doFilter(FilterChainProxy.java:385) ~[spring-security-web-7.1.0.jar:7.1.0]
	at org.springframework.security.web.FilterChainProxy.doFilterInternal(FilterChainProxy.java:237) ~[spring-security-web-7.1.0.jar:7.1.0]
	at org.springframework.security.web.FilterChainProxy.doFilter(FilterChainProxy.java:195) ~[spring-security-web-7.1.0.jar:7.1.0]
	at org.springframework.web.filter.CompositeFilter$VirtualFilterChain.doFilter(CompositeFilter.java:113) ~[spring-web-7.0.8.jar:7.0.8]
	at org.springframework.web.filter.ServletRequestPathFilter.doFilter(ServletRequestPathFilter.java:52) ~[spring-web-7.0.8.jar:7.0.8]
	at org.springframework.web.filter.CompositeFilter$VirtualFilterChain.doFilter(CompositeFilter.java:113) ~[spring-web-7.0.8.jar:7.0.8]
	at org.springframework.web.filter.CompositeFilter.doFilter(CompositeFilter.java:74) ~[spring-web-7.0.8.jar:7.0.8]
	at org.springframework.security.config.annotation.web.configuration.WebSecurityConfiguration$CompositeFilterChainProxy.doFilter(WebSecurityConfiguration.java:317) ~[spring-security-config-7.1.0.jar:7.1.0]
	at org.springframework.web.filter.DelegatingFilterProxy.invokeDelegate(DelegatingFilterProxy.java:355) ~[spring-web-7.0.8.jar:7.0.8]
	at org.springframework.web.filter.DelegatingFilterProxy.doFilter(DelegatingFilterProxy.java:272) ~[spring-web-7.0.8.jar:7.0.8]
	at org.apache.catalina.core.ApplicationFilterChain.doFilter(ApplicationFilterChain.java:107) ~[tomcat-embed-core-11.0.22.jar:11.0.22]
	at org.springframework.web.filter.RequestContextFilter.doFilterInternal(RequestContextFilter.java:100) ~[spring-web-7.0.8.jar:7.0.8]
	at org.springframework.web.filter.OncePerRequestFilter.doFilter(OncePerRequestFilter.java:116) ~[spring-web-7.0.8.jar:7.0.8]
	at org.apache.catalina.core.ApplicationFilterChain.doFilter(ApplicationFilterChain.java:107) ~[tomcat-embed-core-11.0.22.jar:11.0.22]
	at org.springframework.web.filter.FormContentFilter.doFilterInternal(FormContentFilter.java:93) ~[spring-web-7.0.8.jar:7.0.8]
	at org.springframework.web.filter.OncePerRequestFilter.doFilter(OncePerRequestFilter.java:116) ~[spring-web-7.0.8.jar:7.0.8]
	at org.apache.catalina.core.ApplicationFilterChain.doFilter(ApplicationFilterChain.java:107) ~[tomcat-embed-core-11.0.22.jar:11.0.22]
	at org.springframework.web.filter.CharacterEncodingFilter.doFilterInternal(CharacterEncodingFilter.java:199) ~[spring-web-7.0.8.jar:7.0.8]
	at org.springframework.web.filter.OncePerRequestFilter.doFilter(OncePerRequestFilter.java:116) ~[spring-web-7.0.8.jar:7.0.8]
	at org.apache.catalina.core.ApplicationFilterChain.doFilter(ApplicationFilterChain.java:107) ~[tomcat-embed-core-11.0.22.jar:11.0.22]
	at org.apache.catalina.core.StandardWrapperValve.invoke(StandardWrapperValve.java:165) ~[tomcat-embed-core-11.0.22.jar:11.0.22]
	at org.apache.catalina.core.StandardContextValve.invoke(StandardContextValve.java:77) ~[tomcat-embed-core-11.0.22.jar:11.0.22]
	at org.apache.catalina.authenticator.AuthenticatorBase.invoke(AuthenticatorBase.java:492) ~[tomcat-embed-core-11.0.22.jar:11.0.22]
	at org.apache.catalina.core.StandardHostValve.invoke(StandardHostValve.java:113) ~[tomcat-embed-core-11.0.22.jar:11.0.22]
	at org.apache.catalina.valves.ErrorReportValve.invoke(ErrorReportValve.java:83) ~[tomcat-embed-core-11.0.22.jar:11.0.22]
	at org.apache.catalina.core.StandardEngineValve.invoke(StandardEngineValve.java:72) ~[tomcat-embed-core-11.0.22.jar:11.0.22]
	at org.apache.catalina.connector.CoyoteAdapter.service(CoyoteAdapter.java:341) ~[tomcat-embed-core-11.0.22.jar:11.0.22]
	at org.apache.coyote.http11.Http11Processor.service(Http11Processor.java:397) ~[tomcat-embed-core-11.0.22.jar:11.0.22]
	at org.apache.coyote.AbstractProcessorLight.process(AbstractProcessorLight.java:63) ~[tomcat-embed-core-11.0.22.jar:11.0.22]
	at org.apache.coyote.AbstractProtocol$ConnectionHandler.process(AbstractProtocol.java:1272) ~[tomcat-embed-core-11.0.22.jar:11.0.22]
	at org.apache.tomcat.util.net.NioEndpoint$SocketProcessor.doRun(NioEndpoint.java:1801) ~[tomcat-embed-core-11.0.22.jar:11.0.22]
	at org.apache.tomcat.util.net.SocketProcessorBase.run(SocketProcessorBase.java:52) ~[tomcat-embed-core-11.0.22.jar:11.0.22]
	at org.apache.tomcat.util.threads.ThreadPoolExecutor.runWorker(ThreadPoolExecutor.java:946) ~[tomcat-embed-core-11.0.22.jar:11.0.22]
	at org.apache.tomcat.util.threads.ThreadPoolExecutor$Worker.run(ThreadPoolExecutor.java:480) ~[tomcat-embed-core-11.0.22.jar:11.0.22]
	at org.apache.tomcat.util.threads.TaskThread$WrappingRunnable.run(TaskThread.java:57) ~[tomcat-embed-core-11.0.22.jar:11.0.22]
	at java.base/java.lang.Thread.run(Thread.java:1583) ~[na:na]

2026-08-21T19:23:02.966+05:30 DEBUG 27204 --- [authentication_module] [nio-8080-exec-5] o.s.security.web.FilterChainProxy        : Securing GET /error?token=invalid-token-value
2026-08-21T19:23:02.966+05:30 DEBUG 27204 --- [authentication_module] [nio-8080-exec-5] o.s.s.w.a.AnonymousAuthenticationFilter  : Set SecurityContextHolder to anonymous SecurityContext
2026-08-21T19:23:02.967+05:30 DEBUG 27204 --- [authentication_module] [nio-8080-exec-5] o.s.s.w.a.Http403ForbiddenEntryPoint     : Pre-authenticated entry point called. Rejecting access
2026-08-21T19:23:02.985+05:30 DEBUG 27204 --- [authentication_module] [nio-8080-exec-3] o.s.security.web.FilterChainProxy        : Securing GET /auth/verify-email?token=64eadcf2-7932-4618-907a-0ad12ce70777
2026-08-21T19:23:02.985+05:30 DEBUG 27204 --- [authentication_module] [nio-8080-exec-3] o.s.s.w.a.AnonymousAuthenticationFilter  : Set SecurityContextHolder to anonymous SecurityContext
2026-08-21T19:23:02.985+05:30 DEBUG 27204 --- [authentication_module] [nio-8080-exec-3] o.s.security.web.FilterChainProxy        : Secured GET /auth/verify-email?token=64eadcf2-7932-4618-907a-0ad12ce70777
2026-08-21T19:23:02.985+05:30 TRACE 27204 --- [authentication_module] [nio-8080-exec-3] s.w.s.m.m.a.RequestMappingHandlerMapping : Mapped to com.example.authentication_module.Controller.UserController#verifyEmail(String)
Hibernate: select evte1_0.id,evte1_0.expiry_date,evte1_0.token,evte1_0.used,evte1_0.user_id from email_verification_token_entity evte1_0 where evte1_0.token=?
Hibernate: select um1_0.id,um1_0.account_non_expired,um1_0.account_non_locked,um1_0.address,um1_0.city,um1_0.country,um1_0.created_at,um1_0.credentials_non_expired,um1_0.date_of_birth,um1_0.email,um1_0.email_verified,um1_0.enabled,um1_0.last_accessed_at,um1_0.login_time,um1_0.password,um1_0.phone_number,um1_0.role,um1_0.state,um1_0.updated_at,um1_0.username from users um1_0 where um1_0.id=?
2026-08-21T19:23:02.988+05:30 ERROR 27204 --- [authentication_module] [nio-8080-exec-3] o.a.c.c.C.[.[.[/].[dispatcherServlet]    : Servlet.service() for servlet [dispatcherServlet] in context with path [] threw exception [Request processing failed: java.lang.RuntimeException: Verification token has already been used.] with root cause

java.lang.RuntimeException: Verification token has already been used.
	at com.example.authentication_module.Service.UserService.verifyEmail(UserService.java:256) ~[classes/:na]
	at java.base/jdk.internal.reflect.DirectMethodHandleAccessor.invoke(DirectMethodHandleAccessor.java:103) ~[na:na]
	at java.base/java.lang.reflect.Method.invoke(Method.java:580) ~[na:na]
	at org.springframework.aop.support.AopUtils.invokeJoinpointUsingReflection(AopUtils.java:359) ~[spring-aop-7.0.8.jar:7.0.8]
	at org.springframework.aop.framework.CglibAopProxy$DynamicAdvisedInterceptor.intercept(CglibAopProxy.java:715) ~[spring-aop-7.0.8.jar:7.0.8]
	at com.example.authentication_module.Service.UserService$$SpringCGLIB$$0.verifyEmail(<generated>) ~[classes/:na]
	at com.example.authentication_module.Controller.UserController.verifyEmail(UserController.java:73) ~[classes/:na]
	at java.base/jdk.internal.reflect.DirectMethodHandleAccessor.invoke(DirectMethodHandleAccessor.java:103) ~[na:na]
	at java.base/java.lang.reflect.Method.invoke(Method.java:580) ~[na:na]
	at org.springframework.web.method.support.InvocableHandlerMethod.doInvoke(InvocableHandlerMethod.java:252) ~[spring-web-7.0.8.jar:7.0.8]
	at org.springframework.web.method.support.InvocableHandlerMethod.invokeForRequest(InvocableHandlerMethod.java:184) ~[spring-web-7.0.8.jar:7.0.8]
	at org.springframework.web.servlet.mvc.method.annotation.ServletInvocableHandlerMethod.invokeAndHandle(ServletInvocableHandlerMethod.java:117) ~[spring-webmvc-7.0.8.jar:7.0.8]
	at org.springframework.web.servlet.mvc.method.annotation.RequestMappingHandlerAdapter.invokeHandlerMethod(RequestMappingHandlerAdapter.java:934) ~[spring-webmvc-7.0.8.jar:7.0.8]
	at org.springframework.web.servlet.mvc.method.annotation.RequestMappingHandlerAdapter.handleInternal(RequestMappingHandlerAdapter.java:853) ~[spring-webmvc-7.0.8.jar:7.0.8]
	at org.springframework.web.servlet.mvc.method.AbstractHandlerMethodAdapter.handle(AbstractHandlerMethodAdapter.java:86) ~[spring-webmvc-7.0.8.jar:7.0.8]
	at org.springframework.web.servlet.DispatcherServlet.doDispatch(DispatcherServlet.java:963) ~[spring-webmvc-7.0.8.jar:7.0.8]
	at org.springframework.web.servlet.DispatcherServlet.doService(DispatcherServlet.java:866) ~[spring-webmvc-7.0.8.jar:7.0.8]
	at org.springframework.web.servlet.FrameworkServlet.processRequest(FrameworkServlet.java:1000) ~[spring-webmvc-7.0.8.jar:7.0.8]
	at org.springframework.web.servlet.FrameworkServlet.doGet(FrameworkServlet.java:892) ~[spring-webmvc-7.0.8.jar:7.0.8]
	at jakarta.servlet.http.HttpServlet.service(HttpServlet.java:622) ~[tomcat-embed-core-11.0.22.jar:6.1]
	at org.springframework.web.servlet.FrameworkServlet.service(FrameworkServlet.java:874) ~[spring-webmvc-7.0.8.jar:7.0.8]
	at jakarta.servlet.http.HttpServlet.service(HttpServlet.java:710) ~[tomcat-embed-core-11.0.22.jar:6.1]
	at org.apache.catalina.core.ApplicationFilterChain.doFilter(ApplicationFilterChain.java:128) ~[tomcat-embed-core-11.0.22.jar:11.0.22]
	at org.apache.tomcat.websocket.server.WsFilter.doFilter(WsFilter.java:53) ~[tomcat-embed-websocket-11.0.22.jar:11.0.22]
	at org.apache.catalina.core.ApplicationFilterChain.doFilter(ApplicationFilterChain.java:107) ~[tomcat-embed-core-11.0.22.jar:11.0.22]
	at org.springframework.web.filter.OncePerRequestFilter.doFilter(OncePerRequestFilter.java:110) ~[spring-web-7.0.8.jar:7.0.8]
	at org.apache.catalina.core.ApplicationFilterChain.doFilter(ApplicationFilterChain.java:107) ~[tomcat-embed-core-11.0.22.jar:11.0.22]
	at org.springframework.web.filter.CompositeFilter$VirtualFilterChain.doFilter(CompositeFilter.java:108) ~[spring-web-7.0.8.jar:7.0.8]
	at org.springframework.security.web.FilterChainProxy.lambda$doFilterInternal$2(FilterChainProxy.java:235) ~[spring-security-web-7.1.0.jar:7.1.0]
	at org.springframework.security.web.FilterChainProxy$VirtualFilterChain.doFilter(FilterChainProxy.java:376) ~[spring-security-web-7.1.0.jar:7.1.0]
	at org.springframework.security.web.access.intercept.AuthorizationFilter.doFilter(AuthorizationFilter.java:101) ~[spring-security-web-7.1.0.jar:7.1.0]
	at org.springframework.security.web.FilterChainProxy$VirtualFilterChain.doFilter(FilterChainProxy.java:385) ~[spring-security-web-7.1.0.jar:7.1.0]
	at org.springframework.security.web.access.ExceptionTranslationFilter.doFilter(ExceptionTranslationFilter.java:126) ~[spring-security-web-7.1.0.jar:7.1.0]
	at org.springframework.security.web.access.ExceptionTranslationFilter.doFilter(ExceptionTranslationFilter.java:120) ~[spring-security-web-7.1.0.jar:7.1.0]
	at org.springframework.security.web.FilterChainProxy$VirtualFilterChain.doFilter(FilterChainProxy.java:385) ~[spring-security-web-7.1.0.jar:7.1.0]
	at org.springframework.security.web.session.SessionManagementFilter.doFilter(SessionManagementFilter.java:132) ~[spring-security-web-7.1.0.jar:7.1.0]
	at org.springframework.security.web.session.SessionManagementFilter.doFilter(SessionManagementFilter.java:86) ~[spring-security-web-7.1.0.jar:7.1.0]
	at org.springframework.security.web.FilterChainProxy$VirtualFilterChain.doFilter(FilterChainProxy.java:385) ~[spring-security-web-7.1.0.jar:7.1.0]
	at org.springframework.security.web.authentication.AnonymousAuthenticationFilter.doFilter(AnonymousAuthenticationFilter.java:100) ~[spring-security-web-7.1.0.jar:7.1.0]
	at org.springframework.security.web.FilterChainProxy$VirtualFilterChain.doFilter(FilterChainProxy.java:385) ~[spring-security-web-7.1.0.jar:7.1.0]
	at org.springframework.security.web.servletapi.SecurityContextHolderAwareRequestFilter.doFilter(SecurityContextHolderAwareRequestFilter.java:181) ~[spring-security-web-7.1.0.jar:7.1.0]
	at org.springframework.security.web.FilterChainProxy$VirtualFilterChain.doFilter(FilterChainProxy.java:385) ~[spring-security-web-7.1.0.jar:7.1.0]
	at org.springframework.security.web.savedrequest.RequestCacheAwareFilter.doFilter(RequestCacheAwareFilter.java:63) ~[spring-security-web-7.1.0.jar:7.1.0]
	at org.springframework.security.web.FilterChainProxy$VirtualFilterChain.doFilter(FilterChainProxy.java:385) ~[spring-security-web-7.1.0.jar:7.1.0]
	at com.example.authentication_module.Filter.JwtAuthenticationFilter.doFilterInternal(JwtAuthenticationFilter.java:54) ~[classes/:na]
	at org.springframework.web.filter.OncePerRequestFilter.doFilter(OncePerRequestFilter.java:116) ~[spring-web-7.0.8.jar:7.0.8]
	at org.springframework.security.web.FilterChainProxy$VirtualFilterChain.doFilter(FilterChainProxy.java:385) ~[spring-security-web-7.1.0.jar:7.1.0]
	at org.springframework.security.web.authentication.logout.LogoutFilter.doFilter(LogoutFilter.java:110) ~[spring-security-web-7.1.0.jar:7.1.0]
	at org.springframework.security.web.authentication.logout.LogoutFilter.doFilter(LogoutFilter.java:96) ~[spring-security-web-7.1.0.jar:7.1.0]
	at org.springframework.security.web.FilterChainProxy$VirtualFilterChain.doFilter(FilterChainProxy.java:385) ~[spring-security-web-7.1.0.jar:7.1.0]
	at org.springframework.security.web.header.HeaderWriterFilter.doHeadersAfter(HeaderWriterFilter.java:90) ~[spring-security-web-7.1.0.jar:7.1.0]
	at org.springframework.security.web.header.HeaderWriterFilter.doFilterInternal(HeaderWriterFilter.java:75) ~[spring-security-web-7.1.0.jar:7.1.0]
	at org.springframework.web.filter.OncePerRequestFilter.doFilter(OncePerRequestFilter.java:116) ~[spring-web-7.0.8.jar:7.0.8]
	at org.springframework.security.web.FilterChainProxy$VirtualFilterChain.doFilter(FilterChainProxy.java:385) ~[spring-security-web-7.1.0.jar:7.1.0]
	at org.springframework.security.web.context.SecurityContextHolderFilter.doFilter(SecurityContextHolderFilter.java:82) ~[spring-security-web-7.1.0.jar:7.1.0]
	at org.springframework.security.web.context.SecurityContextHolderFilter.doFilter(SecurityContextHolderFilter.java:69) ~[spring-security-web-7.1.0.jar:7.1.0]
	at org.springframework.security.web.FilterChainProxy$VirtualFilterChain.doFilter(FilterChainProxy.java:385) ~[spring-security-web-7.1.0.jar:7.1.0]
	at org.springframework.security.web.context.request.async.WebAsyncManagerIntegrationFilter.doFilterInternal(WebAsyncManagerIntegrationFilter.java:62) ~[spring-security-web-7.1.0.jar:7.1.0]
	at org.springframework.web.filter.OncePerRequestFilter.doFilter(OncePerRequestFilter.java:116) ~[spring-web-7.0.8.jar:7.0.8]
	at org.springframework.security.web.FilterChainProxy$VirtualFilterChain.doFilter(FilterChainProxy.java:385) ~[spring-security-web-7.1.0.jar:7.1.0]
	at org.springframework.security.web.session.DisableEncodeUrlFilter.doFilterInternal(DisableEncodeUrlFilter.java:42) ~[spring-security-web-7.1.0.jar:7.1.0]
	at org.springframework.web.filter.OncePerRequestFilter.doFilter(OncePerRequestFilter.java:116) ~[spring-web-7.0.8.jar:7.0.8]
	at org.springframework.security.web.FilterChainProxy$VirtualFilterChain.doFilter(FilterChainProxy.java:385) ~[spring-security-web-7.1.0.jar:7.1.0]
	at org.springframework.security.web.FilterChainProxy.doFilterInternal(FilterChainProxy.java:237) ~[spring-security-web-7.1.0.jar:7.1.0]
	at org.springframework.security.web.FilterChainProxy.doFilter(FilterChainProxy.java:195) ~[spring-security-web-7.1.0.jar:7.1.0]
	at org.springframework.web.filter.CompositeFilter$VirtualFilterChain.doFilter(CompositeFilter.java:113) ~[spring-web-7.0.8.jar:7.0.8]
	at org.springframework.web.filter.ServletRequestPathFilter.doFilter(ServletRequestPathFilter.java:52) ~[spring-web-7.0.8.jar:7.0.8]
	at org.springframework.web.filter.CompositeFilter$VirtualFilterChain.doFilter(CompositeFilter.java:113) ~[spring-web-7.0.8.jar:7.0.8]
	at org.springframework.web.filter.CompositeFilter.doFilter(CompositeFilter.java:74) ~[spring-web-7.0.8.jar:7.0.8]
	at org.springframework.security.config.annotation.web.configuration.WebSecurityConfiguration$CompositeFilterChainProxy.doFilter(WebSecurityConfiguration.java:317) ~[spring-security-config-7.1.0.jar:7.1.0]
	at org.springframework.web.filter.DelegatingFilterProxy.invokeDelegate(DelegatingFilterProxy.java:355) ~[spring-web-7.0.8.jar:7.0.8]
	at org.springframework.web.filter.DelegatingFilterProxy.doFilter(DelegatingFilterProxy.java:272) ~[spring-web-7.0.8.jar:7.0.8]
	at org.apache.catalina.core.ApplicationFilterChain.doFilter(ApplicationFilterChain.java:107) ~[tomcat-embed-core-11.0.22.jar:11.0.22]
	at org.springframework.web.filter.RequestContextFilter.doFilterInternal(RequestContextFilter.java:100) ~[spring-web-7.0.8.jar:7.0.8]
	at org.springframework.web.filter.OncePerRequestFilter.doFilter(OncePerRequestFilter.java:116) ~[spring-web-7.0.8.jar:7.0.8]
	at org.apache.catalina.core.ApplicationFilterChain.doFilter(ApplicationFilterChain.java:107) ~[tomcat-embed-core-11.0.22.jar:11.0.22]
	at org.springframework.web.filter.FormContentFilter.doFilterInternal(FormContentFilter.java:93) ~[spring-web-7.0.8.jar:7.0.8]
	at org.springframework.web.filter.OncePerRequestFilter.doFilter(OncePerRequestFilter.java:116) ~[spring-web-7.0.8.jar:7.0.8]
	at org.apache.catalina.core.ApplicationFilterChain.doFilter(ApplicationFilterChain.java:107) ~[tomcat-embed-core-11.0.22.jar:11.0.22]
	at org.springframework.web.filter.CharacterEncodingFilter.doFilterInternal(CharacterEncodingFilter.java:199) ~[spring-web-7.0.8.jar:7.0.8]
	at org.springframework.web.filter.OncePerRequestFilter.doFilter(OncePerRequestFilter.java:116) ~[spring-web-7.0.8.jar:7.0.8]
	at org.apache.catalina.core.ApplicationFilterChain.doFilter(ApplicationFilterChain.java:107) ~[tomcat-embed-core-11.0.22.jar:11.0.22]
	at org.apache.catalina.core.StandardWrapperValve.invoke(StandardWrapperValve.java:165) ~[tomcat-embed-core-11.0.22.jar:11.0.22]
	at org.apache.catalina.core.StandardContextValve.invoke(StandardContextValve.java:77) ~[tomcat-embed-core-11.0.22.jar:11.0.22]
	at org.apache.catalina.authenticator.AuthenticatorBase.invoke(AuthenticatorBase.java:492) ~[tomcat-embed-core-11.0.22.jar:11.0.22]
	at org.apache.catalina.core.StandardHostValve.invoke(StandardHostValve.java:113) ~[tomcat-embed-core-11.0.22.jar:11.0.22]
	at org.apache.catalina.valves.ErrorReportValve.invoke(ErrorReportValve.java:83) ~[tomcat-embed-core-11.0.22.jar:11.0.22]
	at org.apache.catalina.core.StandardEngineValve.invoke(StandardEngineValve.java:72) ~[tomcat-embed-core-11.0.22.jar:11.0.22]
	at org.apache.catalina.connector.CoyoteAdapter.service(CoyoteAdapter.java:341) ~[tomcat-embed-core-11.0.22.jar:11.0.22]
	at org.apache.coyote.http11.Http11Processor.service(Http11Processor.java:397) ~[tomcat-embed-core-11.0.22.jar:11.0.22]
	at org.apache.coyote.AbstractProcessorLight.process(AbstractProcessorLight.java:63) ~[tomcat-embed-core-11.0.22.jar:11.0.22]
	at org.apache.coyote.AbstractProtocol$ConnectionHandler.process(AbstractProtocol.java:1272) ~[tomcat-embed-core-11.0.22.jar:11.0.22]
	at org.apache.tomcat.util.net.NioEndpoint$SocketProcessor.doRun(NioEndpoint.java:1801) ~[tomcat-embed-core-11.0.22.jar:11.0.22]
	at org.apache.tomcat.util.net.SocketProcessorBase.run(SocketProcessorBase.java:52) ~[tomcat-embed-core-11.0.22.jar:11.0.22]
	at org.apache.tomcat.util.threads.ThreadPoolExecutor.runWorker(ThreadPoolExecutor.java:946) ~[tomcat-embed-core-11.0.22.jar:11.0.22]
	at org.apache.tomcat.util.threads.ThreadPoolExecutor$Worker.run(ThreadPoolExecutor.java:480) ~[tomcat-embed-core-11.0.22.jar:11.0.22]
	at org.apache.tomcat.util.threads.TaskThread$WrappingRunnable.run(TaskThread.java:57) ~[tomcat-embed-core-11.0.22.jar:11.0.22]
	at java.base/java.lang.Thread.run(Thread.java:1583) ~[na:na]

2026-08-21T19:23:02.989+05:30 DEBUG 27204 --- [authentication_module] [nio-8080-exec-3] o.s.security.web.FilterChainProxy        : Securing GET /error?token=64eadcf2-7932-4618-907a-0ad12ce70777
2026-08-21T19:23:02.989+05:30 DEBUG 27204 --- [authentication_module] [nio-8080-exec-3] o.s.s.w.a.AnonymousAuthenticationFilter  : Set SecurityContextHolder to anonymous SecurityContext
2026-08-21T19:23:02.990+05:30 DEBUG 27204 --- [authentication_module] [nio-8080-exec-3] o.s.s.w.a.Http403ForbiddenEntryPoint     : Pre-authenticated entry point called. Rejecting access
2026-08-21T19:23:02.992+05:30 DEBUG 27204 --- [authentication_module] [nio-8080-exec-6] o.s.security.web.FilterChainProxy        : Securing GET /auth/verify-email
2026-08-21T19:23:02.992+05:30 DEBUG 27204 --- [authentication_module] [nio-8080-exec-6] o.s.s.w.a.AnonymousAuthenticationFilter  : Set SecurityContextHolder to anonymous SecurityContext
2026-08-21T19:23:02.992+05:30 DEBUG 27204 --- [authentication_module] [nio-8080-exec-6] o.s.security.web.FilterChainProxy        : Secured GET /auth/verify-email
2026-08-21T19:23:02.992+05:30 TRACE 27204 --- [authentication_module] [nio-8080-exec-6] s.w.s.m.m.a.RequestMappingHandlerMapping : Mapped to com.example.authentication_module.Controller.UserController#verifyEmail(String)
2026-08-21T19:23:02.993+05:30  WARN 27204 --- [authentication_module] [nio-8080-exec-6] .w.s.m.s.DefaultHandlerExceptionResolver : Resolved [org.springframework.web.bind.MissingServletRequestParameterException: Required request parameter 'token' for method parameter type String is not present]
2026-08-21T19:23:02.993+05:30 DEBUG 27204 --- [authentication_module] [nio-8080-exec-6] o.s.security.web.FilterChainProxy        : Securing GET /error
2026-08-21T19:23:02.994+05:30 DEBUG 27204 --- [authentication_module] [nio-8080-exec-6] o.s.s.w.a.AnonymousAuthenticationFilter  : Set SecurityContextHolder to anonymous SecurityContext
2026-08-21T19:23:02.994+05:30 DEBUG 27204 --- [authentication_module] [nio-8080-exec-6] o.s.s.w.a.Http403ForbiddenEntryPoint     : Pre-authenticated entry point called. Rejecting access
2026-08-21T19:27:06.307+05:30  INFO 27204 --- [authentication_module] [   File Watcher] rtingClassPathChangeChangedEventListener : Restarting due to 35 class path changes (0 additions, 35 deletions, 0 modifications)
2026-08-21T19:27:06.315+05:30  INFO 27204 --- [authentication_module] [       Thread-1] o.s.boot.tomcat.GracefulShutdown         : Commencing graceful shutdown. Waiting for active requests to complete
2026-08-21T19:27:06.328+05:30  INFO 27204 --- [authentication_module] [tomcat-shutdown] o.s.boot.tomcat.GracefulShutdown         : Graceful shutdown complete
2026-08-21T19:27:06.334+05:30  INFO 27204 --- [authentication_module] [       Thread-1] j.LocalContainerEntityManagerFactoryBean : Closing JPA EntityManagerFactory for persistence unit 'default'
2026-08-21T19:27:06.340+05:30  INFO 27204 --- [authentication_module] [       Thread-1] com.zaxxer.hikari.HikariDataSource       : HikariPool-1 - Shutdown initiated...
2026-08-21T19:27:06.343+05:30  INFO 27204 --- [authentication_module] [       Thread-1] com.zaxxer.hikari.HikariDataSource       : HikariPool-1 - Shutdown completed.

  .   ____          _            __ _ _
 /\\ / ___'_ __ _ _(_)_ __  __ _ \ \ \ \
( ( )\___ | '_ | '_| | '_ \/ _` | \ \ \ \
 \\/  ___)| |_)| | | | | || (_| |  ) ) ) )
  '  |____| .__|_| |_|_| |_\__, | / / / /
 =========|_|==============|___/=/_/_/_/

 :: Spring Boot ::                (v4.1.0)

2026-08-21T19:27:06.485+05:30  INFO 27204 --- [authentication_module] [  restartedMain] c.e.a.AuthenticationModuleApplication    : Starting AuthenticationModuleApplication using Java 21.0.11 with PID 27204 (C:\Users\BHARATH M N\OneDrive\Desktop\Train_ticket\authentication_module\authentication_module\target\classes started by BHARATH M N in C:\Users\BHARATH M N\OneDrive\Desktop\Train_ticket\authentication_module\authentication_module)
2026-08-21T19:27:06.485+05:30  INFO 27204 --- [authentication_module] [  restartedMain] c.e.a.AuthenticationModuleApplication    : No active profile set, falling back to 1 default profile: "default"
2026-08-21T19:27:06.858+05:30  INFO 27204 --- [authentication_module] [  restartedMain] .s.d.r.c.RepositoryConfigurationDelegate : Bootstrapping Spring Data JPA repositories in DEFAULT mode.
2026-08-21T19:27:06.887+05:30  WARN 27204 --- [authentication_module] [  restartedMain] ConfigServletWebServerApplicationContext : Exception encountered during context initialization - cancelling refresh attempt: java.lang.NoClassDefFoundError: com/example/authentication_module/model/UserModel
2026-08-21T19:27:06.894+05:30  INFO 27204 --- [authentication_module] [  restartedMain] .s.b.a.l.ConditionEvaluationReportLogger : 

Error starting ApplicationContext. To display the condition evaluation report re-run your application with 'debug' enabled.
2026-08-21T19:27:06.932+05:30 ERROR 27204 --- [authentication_module] [  restartedMain] o.s.boot.SpringApplication               : Application run failed

java.lang.NoClassDefFoundError: com/example/authentication_module/model/UserModel
	at java.base/java.lang.Class.getDeclaredMethods0(Native Method) ~[na:na]
	at java.base/java.lang.Class.privateGetDeclaredMethods(Class.java:3580) ~[na:na]
	at java.base/java.lang.Class.privateGetPublicMethods(Class.java:3605) ~[na:na]
	at java.base/java.lang.Class.getMethods(Class.java:2187) ~[na:na]
	at org.springframework.data.core.ReactiveWrappers.usesReactiveType(ReactiveWrappers.java:144) ~[spring-data-commons-4.1.0.jar:4.1.0]
	at org.springframework.data.repository.core.support.AbstractRepositoryMetadata.isReactiveRepository(AbstractRepositoryMetadata.java:140) ~[spring-data-commons-4.1.0.jar:4.1.0]
	at org.springframework.data.repository.config.RepositoryConfigurationExtensionSupport.useRepositoryConfiguration(RepositoryConfigurationExtensionSupport.java:344) ~[spring-data-commons-4.1.0.jar:4.1.0]
	at org.springframework.data.repository.config.RepositoryConfigurationExtensionSupport.getRepositoryConfigurations(RepositoryConfigurationExtensionSupport.java:98) ~[spring-data-commons-4.1.0.jar:4.1.0]
	at org.springframework.data.repository.config.RepositoryConfigurationDelegate.registerRepositoriesIn(RepositoryConfigurationDelegate.java:170) ~[spring-data-commons-4.1.0.jar:4.1.0]
	at org.springframework.boot.autoconfigure.data.AbstractRepositoryConfigurationSourceSupport.registerBeanDefinitions(AbstractRepositoryConfigurationSourceSupport.java:67) ~[spring-boot-autoconfigure-4.1.0.jar:4.1.0]
	at org.springframework.context.annotation.ConfigurationClassBeanDefinitionReader.lambda$loadBeanDefinitionsFromImportBeanDefinitionRegistrars$0(ConfigurationClassBeanDefinitionReader.java:422) ~[spring-context-7.0.8.jar:7.0.8]
	at java.base/java.util.LinkedHashMap.forEach(LinkedHashMap.java:986) ~[na:na]
	at org.springframework.context.annotation.ConfigurationClassBeanDefinitionReader.loadBeanDefinitionsFromImportBeanDefinitionRegistrars(ConfigurationClassBeanDefinitionReader.java:421) ~[spring-context-7.0.8.jar:7.0.8]
	at org.springframework.context.annotation.ConfigurationClassBeanDefinitionReader.loadBeanDefinitionsForConfigurationClass(ConfigurationClassBeanDefinitionReader.java:152) ~[spring-context-7.0.8.jar:7.0.8]
	at org.springframework.context.annotation.ConfigurationClassBeanDefinitionReader.loadBeanDefinitions(ConfigurationClassBeanDefinitionReader.java:124) ~[spring-context-7.0.8.jar:7.0.8]
	at org.springframework.context.annotation.ConfigurationClassPostProcessor.processConfigBeanDefinitions(ConfigurationClassPostProcessor.java:464) ~[spring-context-7.0.8.jar:7.0.8]
	at org.springframework.context.annotation.ConfigurationClassPostProcessor.postProcessBeanDefinitionRegistry(ConfigurationClassPostProcessor.java:316) ~[spring-context-7.0.8.jar:7.0.8]
	at org.springframework.context.support.PostProcessorRegistrationDelegate.invokeBeanDefinitionRegistryPostProcessors(PostProcessorRegistrationDelegate.java:349) ~[spring-context-7.0.8.jar:7.0.8]
	at org.springframework.context.support.PostProcessorRegistrationDelegate.invokeBeanFactoryPostProcessors(PostProcessorRegistrationDelegate.java:118) ~[spring-context-7.0.8.jar:7.0.8]
	at org.springframework.context.support.AbstractApplicationContext.invokeBeanFactoryPostProcessors(AbstractApplicationContext.java:795) ~[spring-context-7.0.8.jar:7.0.8]
	at org.springframework.context.support.AbstractApplicationContext.refresh(AbstractApplicationContext.java:603) ~[spring-context-7.0.8.jar:7.0.8]
	at org.springframework.boot.web.server.servlet.context.ServletWebServerApplicationContext.refresh(ServletWebServerApplicationContext.java:143) ~[spring-boot-web-server-4.1.0.jar:4.1.0]
	at org.springframework.boot.SpringApplication.refresh(SpringApplication.java:756) ~[spring-boot-4.1.0.jar:4.1.0]
	at org.springframework.boot.SpringApplication.refreshContext(SpringApplication.java:445) ~[spring-boot-4.1.0.jar:4.1.0]
	at org.springframework.boot.SpringApplication.run(SpringApplication.java:321) ~[spring-boot-4.1.0.jar:4.1.0]
	at org.springframework.boot.SpringApplication.run(SpringApplication.java:1365) ~[spring-boot-4.1.0.jar:4.1.0]
	at org.springframework.boot.SpringApplication.run(SpringApplication.java:1354) ~[spring-boot-4.1.0.jar:4.1.0]
	at com.example.authentication_module.AuthenticationModuleApplication.main(AuthenticationModuleApplication.java:10) ~[classes/:na]
	at java.base/jdk.internal.reflect.DirectMethodHandleAccessor.invoke(DirectMethodHandleAccessor.java:103) ~[na:na]
	at java.base/java.lang.reflect.Method.invoke(Method.java:580) ~[na:na]
	at org.springframework.boot.devtools.restart.RestartLauncher.run(RestartLauncher.java:52) ~[spring-boot-devtools-4.1.0.jar:4.1.0]
Caused by: java.lang.ClassNotFoundException: com.example.authentication_module.model.UserModel
	at java.base/jdk.internal.loader.BuiltinClassLoader.loadClass(BuiltinClassLoader.java:641) ~[na:na]
	at java.base/jdk.internal.loader.ClassLoaders$AppClassLoader.loadClass(ClassLoaders.java:188) ~[na:na]
	at java.base/java.lang.ClassLoader.loadClass(ClassLoader.java:526) ~[na:na]
	at java.base/java.lang.Class.forName0(Native Method) ~[na:na]
	at java.base/java.lang.Class.forName(Class.java:536) ~[na:na]
	at java.base/java.lang.Class.forName(Class.java:515) ~[na:na]
	at org.springframework.boot.devtools.restart.classloader.RestartClassLoader.loadClass(RestartClassLoader.java:123) ~[spring-boot-devtools-4.1.0.jar:4.1.0]
	at java.base/java.lang.ClassLoader.loadClass(ClassLoader.java:526) ~[na:na]
	... 31 common frames omitted

Exception in thread "restartedMain" java.lang.reflect.InvocationTargetException
	at java.base/jdk.internal.reflect.DirectMethodHandleAccessor.invoke(DirectMethodHandleAccessor.java:118)
	at java.base/java.lang.reflect.Method.invoke(Method.java:580)
	at org.springframework.boot.devtools.restart.RestartLauncher.run(RestartLauncher.java:52)
Caused by: java.lang.IllegalStateException: java.lang.NoClassDefFoundError: com/example/authentication_module/model/UserModel
	at org.springframework.boot.SpringApplication.handleRunFailure(SpringApplication.java:827)
	at org.springframework.boot.SpringApplication.run(SpringApplication.java:331)
	at org.springframework.boot.SpringApplication.run(SpringApplication.java:1365)
	at org.springframework.boot.SpringApplication.run(SpringApplication.java:1354)
	at com.example.authentication_module.AuthenticationModuleApplication.main(AuthenticationModuleApplication.java:10)
	at java.base/jdk.internal.reflect.DirectMethodHandleAccessor.invoke(DirectMethodHandleAccessor.java:103)
	... 2 more
Caused by: java.lang.NoClassDefFoundError: com/example/authentication_module/model/UserModel
	at java.base/java.lang.Class.getDeclaredMethods0(Native Method)
	at java.base/java.lang.Class.privateGetDeclaredMethods(Class.java:3580)
	at java.base/java.lang.Class.privateGetPublicMethods(Class.java:3605)
	at java.base/java.lang.Class.getMethods(Class.java:2187)
	at org.springframework.data.core.ReactiveWrappers.usesReactiveType(ReactiveWrappers.java:144)
	at org.springframework.data.repository.core.support.AbstractRepositoryMetadata.isReactiveRepository(AbstractRepositoryMetadata.java:140)
	at org.springframework.data.repository.config.RepositoryConfigurationExtensionSupport.useRepositoryConfiguration(RepositoryConfigurationExtensionSupport.java:344)
	at org.springframework.data.repository.config.RepositoryConfigurationExtensionSupport.getRepositoryConfigurations(RepositoryConfigurationExtensionSupport.java:98)
	at org.springframework.data.repository.config.RepositoryConfigurationDelegate.registerRepositoriesIn(RepositoryConfigurationDelegate.java:170)
	at org.springframework.boot.autoconfigure.data.AbstractRepositoryConfigurationSourceSupport.registerBeanDefinitions(AbstractRepositoryConfigurationSourceSupport.java:67)
	at org.springframework.context.annotation.ConfigurationClassBeanDefinitionReader.lambda$loadBeanDefinitionsFromImportBeanDefinitionRegistrars$0(ConfigurationClassBeanDefinitionReader.java:422)
	at java.base/java.util.LinkedHashMap.forEach(LinkedHashMap.java:986)
	at org.springframework.context.annotation.ConfigurationClassBeanDefinitionReader.loadBeanDefinitionsFromImportBeanDefinitionRegistrars(ConfigurationClassBeanDefinitionReader.java:421)
	at org.springframework.context.annotation.ConfigurationClassBeanDefinitionReader.loadBeanDefinitionsForConfigurationClass(ConfigurationClassBeanDefinitionReader.java:152)
	at org.springframework.context.annotation.ConfigurationClassBeanDefinitionReader.loadBeanDefinitions(ConfigurationClassBeanDefinitionReader.java:124)
	at org.springframework.context.annotation.ConfigurationClassPostProcessor.processConfigBeanDefinitions(ConfigurationClassPostProcessor.java:464)
	at org.springframework.context.annotation.ConfigurationClassPostProcessor.postProcessBeanDefinitionRegistry(ConfigurationClassPostProcessor.java:316)
	at org.springframework.context.support.PostProcessorRegistrationDelegate.invokeBeanDefinitionRegistryPostProcessors(PostProcessorRegistrationDelegate.java:349)
	at org.springframework.context.support.PostProcessorRegistrationDelegate.invokeBeanFactoryPostProcessors(PostProcessorRegistrationDelegate.java:118)
	at org.springframework.context.support.AbstractApplicationContext.invokeBeanFactoryPostProcessors(AbstractApplicationContext.java:795)
	at org.springframework.context.support.AbstractApplicationContext.refresh(AbstractApplicationContext.java:603)
	at org.springframework.boot.web.server.servlet.context.ServletWebServerApplicationContext.refresh(ServletWebServerApplicationContext.java:143)
	at org.springframework.boot.SpringApplication.refresh(SpringApplication.java:756)
	at org.springframework.boot.SpringApplication.refreshContext(SpringApplication.java:445)
	at org.springframework.boot.SpringApplication.run(SpringApplication.java:321)
	... 6 more
Caused by: java.lang.ClassNotFoundException: com.example.authentication_module.model.UserModel
	at java.base/jdk.internal.loader.BuiltinClassLoader.loadClass(BuiltinClassLoader.java:641)
	at java.base/jdk.internal.loader.ClassLoaders$AppClassLoader.loadClass(ClassLoaders.java:188)
	at java.base/java.lang.ClassLoader.loadClass(ClassLoader.java:526)
	at java.base/java.lang.Class.forName0(Native Method)
	at java.base/java.lang.Class.forName(Class.java:536)
	at java.base/java.lang.Class.forName(Class.java:515)
	at org.springframework.boot.devtools.restart.classloader.RestartClassLoader.loadClass(RestartClassLoader.java:123)
	at java.base/java.lang.ClassLoader.loadClass(ClassLoader.java:526)
	... 31 more

  .   ____          _            __ _ _
 /\\ / ___'_ __ _ _(_)_ __  __ _ \ \ \ \
( ( )\___ | '_ | '_| | '_ \/ _` | \ \ \ \
 \\/  ___)| |_)| | | | | || (_| |  ) ) ) )
  '  |____| .__|_| |_|_| |_\__, | / / / /
 =========|_|==============|___/=/_/_/_/

 :: Spring Boot ::                (v4.1.0)

2026-08-21T19:27:09.497+05:30  INFO 27204 --- [authentication_module] [  restartedMain] c.e.a.AuthenticationModuleApplication    : Starting AuthenticationModuleApplication using Java 21.0.11 with PID 27204 (C:\Users\BHARATH M N\OneDrive\Desktop\Train_ticket\authentication_module\authentication_module\target\classes started by BHARATH M N in C:\Users\BHARATH M N\OneDrive\Desktop\Train_ticket\authentication_module\authentication_module)
2026-08-21T19:27:09.497+05:30  INFO 27204 --- [authentication_module] [  restartedMain] c.e.a.AuthenticationModuleApplication    : No active profile set, falling back to 1 default profile: "default"
2026-08-21T19:27:09.811+05:30  INFO 27204 --- [authentication_module] [  restartedMain] .s.d.r.c.RepositoryConfigurationDelegate : Bootstrapping Spring Data JPA repositories in DEFAULT mode.
2026-08-21T19:27:09.849+05:30  INFO 27204 --- [authentication_module] [  restartedMain] .s.d.r.c.RepositoryConfigurationDelegate : Finished Spring Data repository scanning in 35 ms. Found 4 JPA repository interfaces.
2026-08-21T19:27:10.043+05:30  INFO 27204 --- [authentication_module] [  restartedMain] o.s.boot.tomcat.TomcatWebServer          : Tomcat initialized with port 8080 (http)
2026-08-21T19:27:10.046+05:30  INFO 27204 --- [authentication_module] [  restartedMain] o.apache.catalina.core.StandardService   : Starting service [Tomcat]
2026-08-21T19:27:10.046+05:30  INFO 27204 --- [authentication_module] [  restartedMain] o.apache.catalina.core.StandardEngine    : Starting Servlet engine: [Apache Tomcat/11.0.22]
2026-08-21T19:27:10.109+05:30  INFO 27204 --- [authentication_module] [  restartedMain] b.w.c.s.WebApplicationContextInitializer : Root WebApplicationContext: initialization completed in 609 ms
2026-08-21T19:27:10.202+05:30  INFO 27204 --- [authentication_module] [  restartedMain] org.hibernate.orm.jpa                    : HHH008540: Processing PersistenceUnitInfo [name: default]
2026-08-21T19:27:10.276+05:30  INFO 27204 --- [authentication_module] [  restartedMain] o.s.o.j.p.SpringPersistenceUnitInfo      : No LoadTimeWeaver setup: ignoring JPA class transformer
2026-08-21T19:27:10.278+05:30  INFO 27204 --- [authentication_module] [  restartedMain] com.zaxxer.hikari.HikariDataSource       : HikariPool-2 - Starting...
2026-08-21T19:27:10.322+05:30  INFO 27204 --- [authentication_module] [  restartedMain] com.zaxxer.hikari.pool.HikariPool        : HikariPool-2 - Added connection org.postgresql.jdbc.PgConnection@76adcef0
2026-08-21T19:27:10.322+05:30  INFO 27204 --- [authentication_module] [  restartedMain] com.zaxxer.hikari.HikariDataSource       : HikariPool-2 - Start completed.
2026-08-21T19:27:10.337+05:30  INFO 27204 --- [authentication_module] [  restartedMain] org.hibernate.orm.connections.pooling    : HHH10001005: Database info:
	Database JDBC URL [jdbc:postgresql://localhost:5432/postgres]
	Database driver: PostgreSQL JDBC Driver
	Database dialect: PostgreSQLDialect
	Database version: 18.0
	Default catalog/schema: postgres/public
	Autocommit mode: undefined/unknown
	Isolation level: READ_COMMITTED [default READ_COMMITTED]
	JDBC fetch size: none
	Pool: DataSourceConnectionProvider
	Minimum pool size: undefined/unknown
	Maximum pool size: undefined/unknown
2026-08-21T19:27:10.534+05:30  INFO 27204 --- [authentication_module] [  restartedMain] org.hibernate.orm.core                   : HHH000489: No JTA platform available (set 'hibernate.transaction.jta.platform' to enable JTA platform integration)
2026-08-21T19:27:10.581+05:30  INFO 27204 --- [authentication_module] [  restartedMain] j.LocalContainerEntityManagerFactoryBean : Initialized JPA EntityManagerFactory for persistence unit 'default'
2026-08-21T19:27:10.865+05:30  INFO 27204 --- [authentication_module] [  restartedMain] eAuthenticationProviderManagerConfigurer : Global AuthenticationManager configured with AuthenticationProvider bean with name authenticationProvider
2026-08-21T19:27:10.865+05:30  WARN 27204 --- [authentication_module] [  restartedMain] r$InitializeUserDetailsManagerConfigurer : Global AuthenticationManager configured with an AuthenticationProvider bean. UserDetailsService beans will not be used by Spring Security for automatically configuring username/password login. Consider removing the AuthenticationProvider bean. Alternatively, consider using the UserDetailsService in a manually instantiated DaoAuthenticationProvider. If the current configuration is intentional, to turn off this warning, increase the logging level of 'org.springframework.security.config.annotation.authentication.configuration.InitializeUserDetailsBeanManagerConfigurer' to ERROR
2026-08-21T19:27:10.881+05:30  WARN 27204 --- [authentication_module] [  restartedMain] JpaBaseConfiguration$JpaWebConfiguration : spring.jpa.open-in-view is enabled by default. Therefore, database queries may be performed during view rendering. Explicitly configure spring.jpa.open-in-view to disable this warning
2026-08-21T19:27:11.064+05:30 DEBUG 27204 --- [authentication_module] [  restartedMain] o.s.s.web.DefaultSecurityFilterChain     : Will secure any request with filters: DisableEncodeUrlFilter, WebAsyncManagerIntegrationFilter, SecurityContextHolderFilter, HeaderWriterFilter, LogoutFilter, JwtAuthenticationFilter, RequestCacheAwareFilter, SecurityContextHolderAwareRequestFilter, AnonymousAuthenticationFilter, SessionManagementFilter, ExceptionTranslationFilter, AuthorizationFilter
2026-08-21T19:27:11.117+05:30 TRACE 27204 --- [authentication_module] [  restartedMain] s.w.s.m.m.a.RequestMappingHandlerMapping : 
	c.e.a.C.ProfileController:
	{GET [/profile/get-profile]}: getProfile(Authentication)
	{PUT [/profile/update]}: updateProfile(Authentication,UpdateProfileRequestDTO)
2026-08-21T19:27:11.123+05:30 TRACE 27204 --- [authentication_module] [  restartedMain] s.w.s.m.m.a.RequestMappingHandlerMapping : 
	c.e.a.C.UserController:
	{POST [/auth/logout]}: logout(LogoutRequestDTO)
	{POST [/auth/login]}: loginUser(LoginRequestDTO)
	{POST [/auth/forgot-password]}: forgotPassword(ForgotPasswordRequestDTO)
	{PUT [/auth/change-password]}: changePassword(Authentication,ChangePasswordRequestDTO)
	{GET [/auth/verify-email]}: verifyEmail(String)
	{POST [/auth/register]}: registerUser(RegisterRequestDTO)
	{POST [/auth/refresh-token]}: refreshToken(RefreshTokenRequestDTO)
	{POST [/auth/reset-password]}: resetPassword(ResetPasswordRequestDTO)
2026-08-21T19:27:11.128+05:30 TRACE 27204 --- [authentication_module] [  restartedMain] s.w.s.m.m.a.RequestMappingHandlerMapping : 
	o.s.b.w.a.e.BasicErrorController:
	{ [/error]}: error(HttpServletRequest)
	{ [/error], produces [text/html]}: errorHtml(HttpServletRequest,HttpServletResponse)
2026-08-21T19:27:11.131+05:30 DEBUG 27204 --- [authentication_module] [  restartedMain] s.w.s.m.m.a.RequestMappingHandlerMapping : 12 mappings in 'requestMappingHandlerMapping'
2026-08-21T19:27:11.280+05:30  INFO 27204 --- [authentication_module] [  restartedMain] o.s.boot.tomcat.TomcatWebServer          : Tomcat started on port 8080 (http) with context path '/'
2026-08-21T19:27:11.284+05:30  INFO 27204 --- [authentication_module] [  restartedMain] c.e.a.AuthenticationModuleApplication    : Started AuthenticationModuleApplication in 1.816 seconds (process running for 735.066)
2026-08-21T19:27:11.286+05:30  INFO 27204 --- [authentication_module] [  restartedMain] .ConditionEvaluationDeltaLoggingListener : Condition evaluation unchanged
2026-08-21T19:27:40.803+05:30  INFO 27204 --- [authentication_module] [nio-8080-exec-1] o.a.c.c.C.[Tomcat].[localhost].[/]       : Initializing Spring DispatcherServlet 'dispatcherServlet'
2026-08-21T19:27:40.803+05:30  INFO 27204 --- [authentication_module] [nio-8080-exec-1] o.s.web.servlet.DispatcherServlet        : Initializing Servlet 'dispatcherServlet'
2026-08-21T19:27:40.805+05:30  INFO 27204 --- [authentication_module] [nio-8080-exec-1] o.s.web.servlet.DispatcherServlet        : Completed initialization in 2 ms
2026-08-21T19:27:40.805+05:30 DEBUG 27204 --- [authentication_module] [nio-8080-exec-1] o.s.security.web.FilterChainProxy        : Securing POST /auth/register
2026-08-21T19:27:40.807+05:30 DEBUG 27204 --- [authentication_module] [nio-8080-exec-1] o.s.s.w.a.AnonymousAuthenticationFilter  : Set SecurityContextHolder to anonymous SecurityContext
2026-08-21T19:27:40.807+05:30 DEBUG 27204 --- [authentication_module] [nio-8080-exec-1] o.s.security.web.FilterChainProxy        : Secured POST /auth/register
2026-08-21T19:27:40.807+05:30 TRACE 27204 --- [authentication_module] [nio-8080-exec-1] s.w.s.m.m.a.RequestMappingHandlerMapping : Mapped to com.example.authentication_module.Controller.UserController#registerUser(RegisterRequestDTO)
2026-08-21T19:27:40.836+05:30  WARN 27204 --- [authentication_module] [nio-8080-exec-1] .w.s.m.s.DefaultHandlerExceptionResolver : Resolved [org.springframework.web.bind.MethodArgumentNotValidException: Validation failed for argument [0] in public org.springframework.http.ResponseEntity<com.example.authentication_module.DTO.RegisterResponseDTO> com.example.authentication_module.Controller.UserController.registerUser(com.example.authentication_module.DTO.RegisterRequestDTO): [Field error in object 'registerRequestDTO' on field 'phoneNumber': rejected value [98765d8d95]; codes [Pattern.registerRequestDTO.phoneNumber,Pattern.phoneNumber,Pattern.java.lang.String,Pattern]; arguments [org.springframework.context.support.DefaultMessageSourceResolvable: codes [registerRequestDTO.phoneNumber,phoneNumber]; arguments []; default message [phoneNumber],[Ljakarta.validation.constraints.Pattern$Flag;@75435019,^[6-9]\d{9}$]; default message [Enter a valid 10-digit Indian mobile number]] ]
2026-08-21T19:27:40.837+05:30 DEBUG 27204 --- [authentication_module] [nio-8080-exec-1] o.s.security.web.FilterChainProxy        : Securing GET /error
2026-08-21T19:27:40.837+05:30 DEBUG 27204 --- [authentication_module] [nio-8080-exec-1] o.s.s.w.a.AnonymousAuthenticationFilter  : Set SecurityContextHolder to anonymous SecurityContext
2026-08-21T19:27:40.837+05:30 DEBUG 27204 --- [authentication_module] [nio-8080-exec-1] o.s.s.w.a.Http403ForbiddenEntryPoint     : Pre-authenticated entry point called. Rejecting access
2026-08-21T19:27:40.983+05:30 DEBUG 27204 --- [authentication_module] [nio-8080-exec-2] o.s.security.web.FilterChainProxy        : Securing GET /auth/verify-email?token=
2026-08-21T19:27:40.984+05:30 DEBUG 27204 --- [authentication_module] [nio-8080-exec-2] o.s.s.w.a.AnonymousAuthenticationFilter  : Set SecurityContextHolder to anonymous SecurityContext
2026-08-21T19:27:40.984+05:30 DEBUG 27204 --- [authentication_module] [nio-8080-exec-2] o.s.security.web.FilterChainProxy        : Secured GET /auth/verify-email?token=
2026-08-21T19:27:40.985+05:30 TRACE 27204 --- [authentication_module] [nio-8080-exec-2] s.w.s.m.m.a.RequestMappingHandlerMapping : Mapped to com.example.authentication_module.Controller.UserController#verifyEmail(String)
Hibernate: select evte1_0.id,evte1_0.expiry_date,evte1_0.token,evte1_0.used,evte1_0.user_id from email_verification_token_entity evte1_0 where evte1_0.token=?
2026-08-21T19:27:41.005+05:30  WARN 27204 --- [authentication_module] [nio-8080-exec-2] .m.m.a.ExceptionHandlerExceptionResolver : Resolved [com.example.authentication_module.Exception.InvalidVerificationTokenException: Invalid verification token]
2026-08-21T19:30:24.343+05:30 DEBUG 27204 --- [authentication_module] [nio-8080-exec-3] o.s.security.web.FilterChainProxy        : Securing POST /auth/register
2026-08-21T19:30:24.344+05:30 DEBUG 27204 --- [authentication_module] [nio-8080-exec-3] o.s.s.w.a.AnonymousAuthenticationFilter  : Set SecurityContextHolder to anonymous SecurityContext
2026-08-21T19:30:24.344+05:30 DEBUG 27204 --- [authentication_module] [nio-8080-exec-3] o.s.security.web.FilterChainProxy        : Secured POST /auth/register
2026-08-21T19:30:24.345+05:30 TRACE 27204 --- [authentication_module] [nio-8080-exec-3] s.w.s.m.m.a.RequestMappingHandlerMapping : Mapped to com.example.authentication_module.Controller.UserController#registerUser(RegisterRequestDTO)
[UserService] Registration started for email: rv.verify.8a54bc96-fb0f-41c2-8dbd-bbaa6af941ef@example.com
Hibernate: select um1_0.id from users um1_0 where um1_0.email=? fetch first ? rows only
Hibernate: select um1_0.id from users um1_0 where um1_0.phone_number=? fetch first ? rows only
Hibernate: insert into users (account_non_expired,account_non_locked,address,city,country,created_at,credentials_non_expired,date_of_birth,email,email_verified,enabled,last_accessed_at,login_time,password,phone_number,role,state,updated_at,username) values (?,?,?,?,?,?,?,?,?,?,?,?,?,?,?,?,?,?,?)
[UserService] User saved with id: 19
Hibernate: insert into email_verification_token_entity (expiry_date,token,used,user_id) values (?,?,?,?)
[UserService] Verification token created: 7898b99b-a30f-437b-93ad-f133d5b0f632
[UserService] Attempting to send verification email to: rv.verify.8a54bc96-fb0f-41c2-8dbd-bbaa6af941ef@example.com
[EmailSenderService] Preparing verification email to: rv.verify.8a54bc96-fb0f-41c2-8dbd-bbaa6af941ef@example.com
[EmailSenderService] Setting From: t81958319@gmail.com
[EmailSenderService] Verification URL: http://localhost:5173/verify-email?token=7898b99b-a30f-437b-93ad-f133d5b0f632
[EmailSenderService] Sending verification email...
[EmailSenderService] Email sent successfully to: rv.verify.8a54bc96-fb0f-41c2-8dbd-bbaa6af941ef@example.com
[UserService] sendVerificationEmail returned without exception.
2026-08-21T19:30:31.848+05:30 DEBUG 27204 --- [authentication_module] [nio-8080-exec-4] o.s.security.web.FilterChainProxy        : Securing GET /auth/verify-email?token=7898b99b-a30f-437b-93ad-f133d5b0f632
2026-08-21T19:30:31.849+05:30 DEBUG 27204 --- [authentication_module] [nio-8080-exec-4] o.s.s.w.a.AnonymousAuthenticationFilter  : Set SecurityContextHolder to anonymous SecurityContext
2026-08-21T19:30:31.849+05:30 DEBUG 27204 --- [authentication_module] [nio-8080-exec-4] o.s.security.web.FilterChainProxy        : Secured GET /auth/verify-email?token=7898b99b-a30f-437b-93ad-f133d5b0f632
2026-08-21T19:30:31.849+05:30 TRACE 27204 --- [authentication_module] [nio-8080-exec-4] s.w.s.m.m.a.RequestMappingHandlerMapping : Mapped to com.example.authentication_module.Controller.UserController#verifyEmail(String)
Hibernate: select evte1_0.id,evte1_0.expiry_date,evte1_0.token,evte1_0.used,evte1_0.user_id from email_verification_token_entity evte1_0 where evte1_0.token=?
Hibernate: select um1_0.id,um1_0.account_non_expired,um1_0.account_non_locked,um1_0.address,um1_0.city,um1_0.country,um1_0.created_at,um1_0.credentials_non_expired,um1_0.date_of_birth,um1_0.email,um1_0.email_verified,um1_0.enabled,um1_0.last_accessed_at,um1_0.login_time,um1_0.password,um1_0.phone_number,um1_0.role,um1_0.state,um1_0.updated_at,um1_0.username from users um1_0 where um1_0.id=?
Hibernate: update users set account_non_expired=?,account_non_locked=?,address=?,city=?,country=?,credentials_non_expired=?,date_of_birth=?,email=?,email_verified=?,enabled=?,last_accessed_at=?,login_time=?,password=?,phone_number=?,role=?,state=?,updated_at=?,username=? where id=?
Hibernate: update email_verification_token_entity set expiry_date=?,token=?,used=?,user_id=? where id=?
2026-08-21T19:30:31.961+05:30 DEBUG 27204 --- [authentication_module] [nio-8080-exec-5] o.s.security.web.FilterChainProxy        : Securing GET /auth/verify-email?token=not-a-real-token
2026-08-21T19:30:31.962+05:30 DEBUG 27204 --- [authentication_module] [nio-8080-exec-5] o.s.s.w.a.AnonymousAuthenticationFilter  : Set SecurityContextHolder to anonymous SecurityContext
2026-08-21T19:30:31.962+05:30 DEBUG 27204 --- [authentication_module] [nio-8080-exec-5] o.s.security.web.FilterChainProxy        : Secured GET /auth/verify-email?token=not-a-real-token
2026-08-21T19:30:31.962+05:30 TRACE 27204 --- [authentication_module] [nio-8080-exec-5] s.w.s.m.m.a.RequestMappingHandlerMapping : Mapped to com.example.authentication_module.Controller.UserController#verifyEmail(String)
Hibernate: select evte1_0.id,evte1_0.expiry_date,evte1_0.token,evte1_0.used,evte1_0.user_id from email_verification_token_entity evte1_0 where evte1_0.token=?
2026-08-21T19:30:31.969+05:30  WARN 27204 --- [authentication_module] [nio-8080-exec-5] .m.m.a.ExceptionHandlerExceptionResolver : Resolved [com.example.authentication_module.Exception.InvalidVerificationTokenException: Invalid verification token]
2026-08-21T19:30:32.072+05:30 DEBUG 27204 --- [authentication_module] [nio-8080-exec-6] o.s.security.web.FilterChainProxy        : Securing GET /auth/verify-email?token=7898b99b-a30f-437b-93ad-f133d5b0f632
2026-08-21T19:30:32.073+05:30 DEBUG 27204 --- [authentication_module] [nio-8080-exec-6] o.s.s.w.a.AnonymousAuthenticationFilter  : Set SecurityContextHolder to anonymous SecurityContext
2026-08-21T19:30:32.073+05:30 DEBUG 27204 --- [authentication_module] [nio-8080-exec-6] o.s.security.web.FilterChainProxy        : Secured GET /auth/verify-email?token=7898b99b-a30f-437b-93ad-f133d5b0f632
2026-08-21T19:30:32.074+05:30 TRACE 27204 --- [authentication_module] [nio-8080-exec-6] s.w.s.m.m.a.RequestMappingHandlerMapping : Mapped to com.example.authentication_module.Controller.UserController#verifyEmail(String)
Hibernate: select evte1_0.id,evte1_0.expiry_date,evte1_0.token,evte1_0.used,evte1_0.user_id from email_verification_token_entity evte1_0 where evte1_0.token=?
Hibernate: select um1_0.id,um1_0.account_non_expired,um1_0.account_non_locked,um1_0.address,um1_0.city,um1_0.country,um1_0.created_at,um1_0.credentials_non_expired,um1_0.date_of_birth,um1_0.email,um1_0.email_verified,um1_0.enabled,um1_0.last_accessed_at,um1_0.login_time,um1_0.password,um1_0.phone_number,um1_0.role,um1_0.state,um1_0.updated_at,um1_0.username from users um1_0 where um1_0.id=?
2026-08-21T19:30:32.084+05:30  WARN 27204 --- [authentication_module] [nio-8080-exec-6] .m.m.a.ExceptionHandlerExceptionResolver : Resolved [com.example.authentication_module.Exception.InvalidVerificationTokenException: Verification token has already been used.]
2026-08-21T19:31:01.658+05:30 DEBUG 27204 --- [authentication_module] [nio-8080-exec-8] o.s.security.web.FilterChainProxy        : Securing GET /auth/verify-email?token=expired-test-token-uuid
2026-08-21T19:31:01.658+05:30 DEBUG 27204 --- [authentication_module] [nio-8080-exec-8] o.s.s.w.a.AnonymousAuthenticationFilter  : Set SecurityContextHolder to anonymous SecurityContext
2026-08-21T19:31:01.658+05:30 DEBUG 27204 --- [authentication_module] [nio-8080-exec-8] o.s.security.web.FilterChainProxy        : Secured GET /auth/verify-email?token=expired-test-token-uuid
2026-08-21T19:31:01.659+05:30 TRACE 27204 --- [authentication_module] [nio-8080-exec-8] s.w.s.m.m.a.RequestMappingHandlerMapping : Mapped to com.example.authentication_module.Controller.UserController#verifyEmail(String)
Hibernate: select evte1_0.id,evte1_0.expiry_date,evte1_0.token,evte1_0.used,evte1_0.user_id from email_verification_token_entity evte1_0 where evte1_0.token=?
2026-08-21T19:31:01.662+05:30  WARN 27204 --- [authentication_module] [nio-8080-exec-8] .m.m.a.ExceptionHandlerExceptionResolver : Resolved [com.example.authentication_module.Exception.InvalidVerificationTokenException: Invalid verification token]
2026-08-21T19:32:50.167+05:30 DEBUG 27204 --- [authentication_module] [nio-8080-exec-9] o.s.security.web.FilterChainProxy        : Securing POST /auth/register
2026-08-21T19:32:50.167+05:30 DEBUG 27204 --- [authentication_module] [nio-8080-exec-9] o.s.s.w.a.AnonymousAuthenticationFilter  : Set SecurityContextHolder to anonymous SecurityContext
2026-08-21T19:32:50.168+05:30 DEBUG 27204 --- [authentication_module] [nio-8080-exec-9] o.s.security.web.FilterChainProxy        : Secured POST /auth/register
2026-08-21T19:32:50.168+05:30 TRACE 27204 --- [authentication_module] [nio-8080-exec-9] s.w.s.m.m.a.RequestMappingHandlerMapping : Mapped to com.example.authentication_module.Controller.UserController#registerUser(RegisterRequestDTO)
[UserService] Registration started for email: rv.expired.bcdb8e9c-386c-4aea-8408-8e9ed778472a@example.com
Hibernate: select um1_0.id from users um1_0 where um1_0.email=? fetch first ? rows only
Hibernate: select um1_0.id from users um1_0 where um1_0.phone_number=? fetch first ? rows only
Hibernate: insert into users (account_non_expired,account_non_locked,address,city,country,created_at,credentials_non_expired,date_of_birth,email,email_verified,enabled,last_accessed_at,login_time,password,phone_number,role,state,updated_at,username) values (?,?,?,?,?,?,?,?,?,?,?,?,?,?,?,?,?,?,?)
[UserService] User saved with id: 20
Hibernate: insert into email_verification_token_entity (expiry_date,token,used,user_id) values (?,?,?,?)
[UserService] Verification token created: 41f690ed-f5dd-4915-bc50-fcc8eeb33ae2
[UserService] Attempting to send verification email to: rv.expired.bcdb8e9c-386c-4aea-8408-8e9ed778472a@example.com
[EmailSenderService] Preparing verification email to: rv.expired.bcdb8e9c-386c-4aea-8408-8e9ed778472a@example.com
[EmailSenderService] Setting From: t81958319@gmail.com
[EmailSenderService] Verification URL: http://localhost:5173/verify-email?token=41f690ed-f5dd-4915-bc50-fcc8eeb33ae2
[EmailSenderService] Sending verification email...
[EmailSenderService] Email sent successfully to: rv.expired.bcdb8e9c-386c-4aea-8408-8e9ed778472a@example.com
[UserService] sendVerificationEmail returned without exception.
2026-08-21T19:32:55.723+05:30 DEBUG 27204 --- [authentication_module] [nio-8080-exec-7] o.s.security.web.FilterChainProxy        : Securing GET /auth/verify-email?token=41f690ed-f5dd-4915-bc50-fcc8eeb33ae2
2026-08-21T19:32:55.724+05:30 DEBUG 27204 --- [authentication_module] [nio-8080-exec-7] o.s.s.w.a.AnonymousAuthenticationFilter  : Set SecurityContextHolder to anonymous SecurityContext
2026-08-21T19:32:55.724+05:30 DEBUG 27204 --- [authentication_module] [nio-8080-exec-7] o.s.security.web.FilterChainProxy        : Secured GET /auth/verify-email?token=41f690ed-f5dd-4915-bc50-fcc8eeb33ae2
2026-08-21T19:32:55.724+05:30 TRACE 27204 --- [authentication_module] [nio-8080-exec-7] s.w.s.m.m.a.RequestMappingHandlerMapping : Mapped to com.example.authentication_module.Controller.UserController#verifyEmail(String)
Hibernate: select evte1_0.id,evte1_0.expiry_date,evte1_0.token,evte1_0.used,evte1_0.user_id from email_verification_token_entity evte1_0 where evte1_0.token=?
Hibernate: select um1_0.id,um1_0.account_non_expired,um1_0.account_non_locked,um1_0.address,um1_0.city,um1_0.country,um1_0.created_at,um1_0.credentials_non_expired,um1_0.date_of_birth,um1_0.email,um1_0.email_verified,um1_0.enabled,um1_0.last_accessed_at,um1_0.login_time,um1_0.password,um1_0.phone_number,um1_0.role,um1_0.state,um1_0.updated_at,um1_0.username from users um1_0 where um1_0.id=?
2026-08-21T19:32:55.731+05:30  WARN 27204 --- [authentication_module] [nio-8080-exec-7] .m.m.a.ExceptionHandlerExceptionResolver : Resolved [com.example.authentication_module.Exception.ExpiredVerificationTokenException: Verification token has expired.]
2026-08-21T19:34:06.589+05:30 DEBUG 27204 --- [authentication_module] [nio-8080-exec-1] o.s.security.web.FilterChainProxy        : Securing POST /auth/register
2026-08-21T19:34:06.589+05:30 DEBUG 27204 --- [authentication_module] [nio-8080-exec-1] o.s.s.w.a.AnonymousAuthenticationFilter  : Set SecurityContextHolder to anonymous SecurityContext
2026-08-21T19:34:06.589+05:30 DEBUG 27204 --- [authentication_module] [nio-8080-exec-1] o.s.security.web.FilterChainProxy        : Secured POST /auth/register
2026-08-21T19:34:06.590+05:30 TRACE 27204 --- [authentication_module] [nio-8080-exec-1] s.w.s.m.m.a.RequestMappingHandlerMapping : Mapped to com.example.authentication_module.Controller.UserController#registerUser(RegisterRequestDTO)
[UserService] Registration started for email: rv.proxy.bf0a5271-eb32-4e69-9499-235a75187fe3@example.com
Hibernate: select um1_0.id from users um1_0 where um1_0.email=? fetch first ? rows only
Hibernate: select um1_0.id from users um1_0 where um1_0.phone_number=? fetch first ? rows only
Hibernate: insert into users (account_non_expired,account_non_locked,address,city,country,created_at,credentials_non_expired,date_of_birth,email,email_verified,enabled,last_accessed_at,login_time,password,phone_number,role,state,updated_at,username) values (?,?,?,?,?,?,?,?,?,?,?,?,?,?,?,?,?,?,?)
[UserService] User saved with id: 21
Hibernate: insert into email_verification_token_entity (expiry_date,token,used,user_id) values (?,?,?,?)
[UserService] Verification token created: 84123484-f31c-4af3-aab4-a47f9ddb4923
[UserService] Attempting to send verification email to: rv.proxy.bf0a5271-eb32-4e69-9499-235a75187fe3@example.com
[EmailSenderService] Preparing verification email to: rv.proxy.bf0a5271-eb32-4e69-9499-235a75187fe3@example.com
[EmailSenderService] Setting From: t81958319@gmail.com
[EmailSenderService] Verification URL: http://localhost:5173/verify-email?token=84123484-f31c-4af3-aab4-a47f9ddb4923
[EmailSenderService] Sending verification email...
[EmailSenderService] Email sent successfully to: rv.proxy.bf0a5271-eb32-4e69-9499-235a75187fe3@example.com
[UserService] sendVerificationEmail returned without exception.
2026-08-21T19:34:11.681+05:30 DEBUG 27204 --- [authentication_module] [nio-8080-exec-2] o.s.security.web.FilterChainProxy        : Securing GET /auth/verify-email?token=84123484-f31c-4af3-aab4-a47f9ddb4923
2026-08-21T19:34:11.681+05:30 DEBUG 27204 --- [authentication_module] [nio-8080-exec-2] o.s.s.w.a.AnonymousAuthenticationFilter  : Set SecurityContextHolder to anonymous SecurityContext
2026-08-21T19:34:11.681+05:30 DEBUG 27204 --- [authentication_module] [nio-8080-exec-2] o.s.security.web.FilterChainProxy        : Secured GET /auth/verify-email?token=84123484-f31c-4af3-aab4-a47f9ddb4923
2026-08-21T19:34:11.682+05:30 TRACE 27204 --- [authentication_module] [nio-8080-exec-2] s.w.s.m.m.a.RequestMappingHandlerMapping : Mapped to com.example.authentication_module.Controller.UserController#verifyEmail(String)
Hibernate: select evte1_0.id,evte1_0.expiry_date,evte1_0.token,evte1_0.used,evte1_0.user_id from email_verification_token_entity evte1_0 where evte1_0.token=?
Hibernate: select um1_0.id,um1_0.account_non_expired,um1_0.account_non_locked,um1_0.address,um1_0.city,um1_0.country,um1_0.created_at,um1_0.credentials_non_expired,um1_0.date_of_birth,um1_0.email,um1_0.email_verified,um1_0.enabled,um1_0.last_accessed_at,um1_0.login_time,um1_0.password,um1_0.phone_number,um1_0.role,um1_0.state,um1_0.updated_at,um1_0.username from users um1_0 where um1_0.id=?
Hibernate: update users set account_non_expired=?,account_non_locked=?,address=?,city=?,country=?,credentials_non_expired=?,date_of_birth=?,email=?,email_verified=?,enabled=?,last_accessed_at=?,login_time=?,password=?,phone_number=?,role=?,state=?,updated_at=?,username=? where id=?
Hibernate: update email_verification_token_entity set expiry_date=?,token=?,used=?,user_id=? where id=?
2026-08-21T20:40:47.412+05:30  WARN 27204 --- [authentication_module] [l-2:housekeeper] com.zaxxer.hikari.pool.HikariPool        : HikariPool-2 - Thread starvation or clock leap detected (housekeeper delta=20m5s988ms908µs600ns).
2026-08-21T20:42:19.721+05:30 DEBUG 27204 --- [authentication_module] [nio-8080-exec-4] o.s.security.web.FilterChainProxy        : Securing POST /auth/login
2026-08-21T20:42:19.731+05:30 DEBUG 27204 --- [authentication_module] [nio-8080-exec-4] o.s.s.w.a.AnonymousAuthenticationFilter  : Set SecurityContextHolder to anonymous SecurityContext
2026-08-21T20:42:19.733+05:30 DEBUG 27204 --- [authentication_module] [nio-8080-exec-4] o.s.security.web.FilterChainProxy        : Secured POST /auth/login
2026-08-21T20:42:19.740+05:30 TRACE 27204 --- [authentication_module] [nio-8080-exec-4] s.w.s.m.m.a.RequestMappingHandlerMapping : Mapped to com.example.authentication_module.Controller.UserController#loginUser(LoginRequestDTO)
Hibernate: select um1_0.id,um1_0.account_non_expired,um1_0.account_non_locked,um1_0.address,um1_0.city,um1_0.country,um1_0.created_at,um1_0.credentials_non_expired,um1_0.date_of_birth,um1_0.email,um1_0.email_verified,um1_0.enabled,um1_0.last_accessed_at,um1_0.login_time,um1_0.password,um1_0.phone_number,um1_0.role,um1_0.state,um1_0.updated_at,um1_0.username from users um1_0 where um1_0.email=?
Hibernate: update users set account_non_expired=?,account_non_locked=?,address=?,city=?,country=?,credentials_non_expired=?,date_of_birth=?,email=?,email_verified=?,enabled=?,last_accessed_at=?,login_time=?,password=?,phone_number=?,role=?,state=?,updated_at=?,username=? where id=?
Hibernate: insert into refresh_tokens (created_at,expiry_date,revoked,token,user_id) values (?,?,?,?,?)
2026-08-21T20:42:21.620+05:30 DEBUG 27204 --- [authentication_module] [nio-8080-exec-5] o.s.security.web.FilterChainProxy        : Securing POST /auth/refresh-token
2026-08-21T20:42:21.620+05:30 DEBUG 27204 --- [authentication_module] [nio-8080-exec-5] o.s.s.w.a.AnonymousAuthenticationFilter  : Set SecurityContextHolder to anonymous SecurityContext
2026-08-21T20:42:21.624+05:30 DEBUG 27204 --- [authentication_module] [nio-8080-exec-5] o.s.s.w.a.Http403ForbiddenEntryPoint     : Pre-authenticated entry point called. Rejecting access
2026-08-21T20:42:21.630+05:30 DEBUG 27204 --- [authentication_module] [nio-8080-exec-5] o.s.security.web.FilterChainProxy        : Securing GET /error
2026-08-21T20:42:21.630+05:30 DEBUG 27204 --- [authentication_module] [nio-8080-exec-5] o.s.s.w.a.AnonymousAuthenticationFilter  : Set SecurityContextHolder to anonymous SecurityContext
2026-08-21T20:42:21.631+05:30 DEBUG 27204 --- [authentication_module] [nio-8080-exec-5] o.s.s.w.a.Http403ForbiddenEntryPoint     : Pre-authenticated entry point called. Rejecting access
2026-08-21T20:47:04.390+05:30 DEBUG 27204 --- [authentication_module] [nio-8080-exec-6] o.s.security.web.FilterChainProxy        : Securing POST /auth/register
2026-08-21T20:47:04.391+05:30 DEBUG 27204 --- [authentication_module] [nio-8080-exec-6] o.s.s.w.a.AnonymousAuthenticationFilter  : Set SecurityContextHolder to anonymous SecurityContext
2026-08-21T20:47:04.391+05:30 DEBUG 27204 --- [authentication_module] [nio-8080-exec-6] o.s.security.web.FilterChainProxy        : Secured POST /auth/register
2026-08-21T20:47:04.392+05:30 TRACE 27204 --- [authentication_module] [nio-8080-exec-6] s.w.s.m.m.a.RequestMappingHandlerMapping : Mapped to com.example.authentication_module.Controller.UserController#registerUser(RegisterRequestDTO)
[UserService] Registration started for email: bharathmn006@gmail.com
Hibernate: select um1_0.id from users um1_0 where um1_0.email=? fetch first ? rows only
Hibernate: select um1_0.id from users um1_0 where um1_0.phone_number=? fetch first ? rows only
Hibernate: insert into users (account_non_expired,account_non_locked,address,city,country,created_at,credentials_non_expired,date_of_birth,email,email_verified,enabled,last_accessed_at,login_time,password,phone_number,role,state,updated_at,username) values (?,?,?,?,?,?,?,?,?,?,?,?,?,?,?,?,?,?,?)
[UserService] User saved with id: 1
Hibernate: insert into email_verification_token_entity (expiry_date,token,used,user_id) values (?,?,?,?)
[UserService] Verification token created: af0ac413-37c6-47e4-a908-62fea351a06e
[UserService] Attempting to send verification email to: bharathmn006@gmail.com
[EmailSenderService] Preparing verification email to: bharathmn006@gmail.com
[EmailSenderService] Setting From: t81958319@gmail.com
[EmailSenderService] Verification URL: http://localhost:5173/verify-email?token=af0ac413-37c6-47e4-a908-62fea351a06e
[EmailSenderService] Sending verification email...
[EmailSenderService] Email sent successfully to: bharathmn006@gmail.com
[UserService] sendVerificationEmail returned without exception.
2026-08-21T20:47:24.337+05:30 DEBUG 27204 --- [authentication_module] [nio-8080-exec-8] o.s.security.web.FilterChainProxy        : Securing GET /auth/verify-email?token=af0ac413-37c6-47e4-a908-62fea351a06e
2026-08-21T20:47:24.338+05:30 DEBUG 27204 --- [authentication_module] [nio-8080-exec-8] o.s.s.w.a.AnonymousAuthenticationFilter  : Set SecurityContextHolder to anonymous SecurityContext
2026-08-21T20:47:24.338+05:30 DEBUG 27204 --- [authentication_module] [nio-8080-exec-8] o.s.security.web.FilterChainProxy        : Secured GET /auth/verify-email?token=af0ac413-37c6-47e4-a908-62fea351a06e
2026-08-21T20:47:24.339+05:30 TRACE 27204 --- [authentication_module] [nio-8080-exec-8] s.w.s.m.m.a.RequestMappingHandlerMapping : Mapped to com.example.authentication_module.Controller.UserController#verifyEmail(String)
Hibernate: select evte1_0.id,evte1_0.expiry_date,evte1_0.token,evte1_0.used,evte1_0.user_id from email_verification_token_entity evte1_0 where evte1_0.token=?
Hibernate: select um1_0.id,um1_0.account_non_expired,um1_0.account_non_locked,um1_0.address,um1_0.city,um1_0.country,um1_0.created_at,um1_0.credentials_non_expired,um1_0.date_of_birth,um1_0.email,um1_0.email_verified,um1_0.enabled,um1_0.last_accessed_at,um1_0.login_time,um1_0.password,um1_0.phone_number,um1_0.role,um1_0.state,um1_0.updated_at,um1_0.username from users um1_0 where um1_0.id=?
Hibernate: update users set account_non_expired=?,account_non_locked=?,address=?,city=?,country=?,credentials_non_expired=?,date_of_birth=?,email=?,email_verified=?,enabled=?,last_accessed_at=?,login_time=?,password=?,phone_number=?,role=?,state=?,updated_at=?,username=? where id=?
Hibernate: update email_verification_token_entity set expiry_date=?,token=?,used=?,user_id=? where id=?
2026-08-21T20:47:24.365+05:30 DEBUG 27204 --- [authentication_module] [nio-8080-exec-9] o.s.security.web.FilterChainProxy        : Securing GET /auth/verify-email?token=af0ac413-37c6-47e4-a908-62fea351a06e
2026-08-21T20:47:24.365+05:30 DEBUG 27204 --- [authentication_module] [nio-8080-exec-9] o.s.s.w.a.AnonymousAuthenticationFilter  : Set SecurityContextHolder to anonymous SecurityContext
2026-08-21T20:47:24.365+05:30 DEBUG 27204 --- [authentication_module] [nio-8080-exec-9] o.s.security.web.FilterChainProxy        : Secured GET /auth/verify-email?token=af0ac413-37c6-47e4-a908-62fea351a06e
2026-08-21T20:47:24.366+05:30 TRACE 27204 --- [authentication_module] [nio-8080-exec-9] s.w.s.m.m.a.RequestMappingHandlerMapping : Mapped to com.example.authentication_module.Controller.UserController#verifyEmail(String)
Hibernate: select evte1_0.id,evte1_0.expiry_date,evte1_0.token,evte1_0.used,evte1_0.user_id from email_verification_token_entity evte1_0 where evte1_0.token=?
Hibernate: select um1_0.id,um1_0.account_non_expired,um1_0.account_non_locked,um1_0.address,um1_0.city,um1_0.country,um1_0.created_at,um1_0.credentials_non_expired,um1_0.date_of_birth,um1_0.email,um1_0.email_verified,um1_0.enabled,um1_0.last_accessed_at,um1_0.login_time,um1_0.password,um1_0.phone_number,um1_0.role,um1_0.state,um1_0.updated_at,um1_0.username from users um1_0 where um1_0.id=?
2026-08-21T20:47:24.371+05:30  WARN 27204 --- [authentication_module] [nio-8080-exec-9] .m.m.a.ExceptionHandlerExceptionResolver : Resolved [com.example.authentication_module.Exception.InvalidVerificationTokenException: Verification token has already been used.]
2026-08-21T20:47:41.672+05:30 DEBUG 27204 --- [authentication_module] [nio-8080-exec-7] o.s.security.web.FilterChainProxy        : Securing POST /auth/login
2026-08-21T20:47:41.672+05:30 DEBUG 27204 --- [authentication_module] [nio-8080-exec-7] o.s.s.w.a.AnonymousAuthenticationFilter  : Set SecurityContextHolder to anonymous SecurityContext
2026-08-21T20:47:41.672+05:30 DEBUG 27204 --- [authentication_module] [nio-8080-exec-7] o.s.security.web.FilterChainProxy        : Secured POST /auth/login
2026-08-21T20:47:41.673+05:30 TRACE 27204 --- [authentication_module] [nio-8080-exec-7] s.w.s.m.m.a.RequestMappingHandlerMapping : Mapped to com.example.authentication_module.Controller.UserController#loginUser(LoginRequestDTO)
Hibernate: select um1_0.id,um1_0.account_non_expired,um1_0.account_non_locked,um1_0.address,um1_0.city,um1_0.country,um1_0.created_at,um1_0.credentials_non_expired,um1_0.date_of_birth,um1_0.email,um1_0.email_verified,um1_0.enabled,um1_0.last_accessed_at,um1_0.login_time,um1_0.password,um1_0.phone_number,um1_0.role,um1_0.state,um1_0.updated_at,um1_0.username from users um1_0 where um1_0.email=?
Hibernate: update users set account_non_expired=?,account_non_locked=?,address=?,city=?,country=?,credentials_non_expired=?,date_of_birth=?,email=?,email_verified=?,enabled=?,last_accessed_at=?,login_time=?,password=?,phone_number=?,role=?,state=?,updated_at=?,username=? where id=?
Hibernate: insert into refresh_tokens (created_at,expiry_date,revoked,token,user_id) values (?,?,?,?,?)
2026-08-21T20:47:42.020+05:30 DEBUG 27204 --- [authentication_module] [io-8080-exec-10] o.s.security.web.FilterChainProxy        : Securing POST /auth/refresh-token
2026-08-21T20:47:42.084+05:30 DEBUG 27204 --- [authentication_module] [io-8080-exec-10] o.s.s.w.a.AnonymousAuthenticationFilter  : Set SecurityContextHolder to anonymous SecurityContext
2026-08-21T20:47:42.085+05:30 DEBUG 27204 --- [authentication_module] [io-8080-exec-10] o.s.s.w.a.Http403ForbiddenEntryPoint     : Pre-authenticated entry point called. Rejecting access
2026-08-21T20:47:42.086+05:30 DEBUG 27204 --- [authentication_module] [io-8080-exec-10] o.s.security.web.FilterChainProxy        : Securing GET /error
2026-08-21T20:47:42.103+05:30 DEBUG 27204 --- [authentication_module] [io-8080-exec-10] o.s.s.w.a.AnonymousAuthenticationFilter  : Set SecurityContextHolder to anonymous SecurityContext
2026-08-21T20:47:42.103+05:30 DEBUG 27204 --- [authentication_module] [io-8080-exec-10] o.s.s.w.a.Http403ForbiddenEntryPoint     : Pre-authenticated entry point called. Rejecting access
2026-08-21T20:48:04.013+05:30 DEBUG 27204 --- [authentication_module] [nio-8080-exec-1] o.s.security.web.FilterChainProxy        : Securing POST /auth/login
2026-08-21T20:48:04.041+05:30 DEBUG 27204 --- [authentication_module] [nio-8080-exec-1] o.s.s.w.a.AnonymousAuthenticationFilter  : Set SecurityContextHolder to anonymous SecurityContext
2026-08-21T20:48:04.042+05:30 DEBUG 27204 --- [authentication_module] [nio-8080-exec-1] o.s.security.web.FilterChainProxy        : Secured POST /auth/login
2026-08-21T20:48:04.042+05:30 TRACE 27204 --- [authentication_module] [nio-8080-exec-1] s.w.s.m.m.a.RequestMappingHandlerMapping : Mapped to com.example.authentication_module.Controller.UserController#loginUser(LoginRequestDTO)
Hibernate: select um1_0.id,um1_0.account_non_expired,um1_0.account_non_locked,um1_0.address,um1_0.city,um1_0.country,um1_0.created_at,um1_0.credentials_non_expired,um1_0.date_of_birth,um1_0.email,um1_0.email_verified,um1_0.enabled,um1_0.last_accessed_at,um1_0.login_time,um1_0.password,um1_0.phone_number,um1_0.role,um1_0.state,um1_0.updated_at,um1_0.username from users um1_0 where um1_0.email=?
Hibernate: update users set account_non_expired=?,account_non_locked=?,address=?,city=?,country=?,credentials_non_expired=?,date_of_birth=?,email=?,email_verified=?,enabled=?,last_accessed_at=?,login_time=?,password=?,phone_number=?,role=?,state=?,updated_at=?,username=? where id=?
Hibernate: insert into refresh_tokens (created_at,expiry_date,revoked,token,user_id) values (?,?,?,?,?)
2026-08-21T20:48:04.852+05:30 DEBUG 27204 --- [authentication_module] [nio-8080-exec-2] o.s.security.web.FilterChainProxy        : Securing POST /auth/refresh-token
2026-08-21T20:48:04.852+05:30 DEBUG 27204 --- [authentication_module] [nio-8080-exec-2] o.s.s.w.a.AnonymousAuthenticationFilter  : Set SecurityContextHolder to anonymous SecurityContext
2026-08-21T20:48:04.853+05:30 DEBUG 27204 --- [authentication_module] [nio-8080-exec-2] o.s.s.w.a.Http403ForbiddenEntryPoint     : Pre-authenticated entry point called. Rejecting access
2026-08-21T20:48:04.853+05:30 DEBUG 27204 --- [authentication_module] [nio-8080-exec-2] o.s.security.web.FilterChainProxy        : Securing GET /error
2026-08-21T20:48:04.854+05:30 DEBUG 27204 --- [authentication_module] [nio-8080-exec-2] o.s.s.w.a.AnonymousAuthenticationFilter  : Set SecurityContextHolder to anonymous SecurityContext
2026-08-21T20:48:04.854+05:30 DEBUG 27204 --- [authentication_module] [nio-8080-exec-2] o.s.s.w.a.Http403ForbiddenEntryPoint     : Pre-authenticated entry point called. Rejecting access
2026-08-21T20:50:15.824+05:30 DEBUG 27204 --- [authentication_module] [nio-8080-exec-3] o.s.security.web.FilterChainProxy        : Securing POST /auth/login
2026-08-21T20:50:15.825+05:30 DEBUG 27204 --- [authentication_module] [nio-8080-exec-3] o.s.s.w.a.AnonymousAuthenticationFilter  : Set SecurityContextHolder to anonymous SecurityContext
2026-08-21T20:50:15.825+05:30 DEBUG 27204 --- [authentication_module] [nio-8080-exec-3] o.s.security.web.FilterChainProxy        : Secured POST /auth/login
2026-08-21T20:50:15.825+05:30 TRACE 27204 --- [authentication_module] [nio-8080-exec-3] s.w.s.m.m.a.RequestMappingHandlerMapping : Mapped to com.example.authentication_module.Controller.UserController#loginUser(LoginRequestDTO)
Hibernate: select um1_0.id,um1_0.account_non_expired,um1_0.account_non_locked,um1_0.address,um1_0.city,um1_0.country,um1_0.created_at,um1_0.credentials_non_expired,um1_0.date_of_birth,um1_0.email,um1_0.email_verified,um1_0.enabled,um1_0.last_accessed_at,um1_0.login_time,um1_0.password,um1_0.phone_number,um1_0.role,um1_0.state,um1_0.updated_at,um1_0.username from users um1_0 where um1_0.email=?
Hibernate: update users set account_non_expired=?,account_non_locked=?,address=?,city=?,country=?,credentials_non_expired=?,date_of_birth=?,email=?,email_verified=?,enabled=?,last_accessed_at=?,login_time=?,password=?,phone_number=?,role=?,state=?,updated_at=?,username=? where id=?
Hibernate: insert into refresh_tokens (created_at,expiry_date,revoked,token,user_id) values (?,?,?,?,?)
2026-08-21T20:50:16.596+05:30 DEBUG 27204 --- [authentication_module] [nio-8080-exec-4] o.s.security.web.FilterChainProxy        : Securing POST /auth/refresh-token
2026-08-21T20:50:16.597+05:30 DEBUG 27204 --- [authentication_module] [nio-8080-exec-4] o.s.s.w.a.AnonymousAuthenticationFilter  : Set SecurityContextHolder to anonymous SecurityContext
2026-08-21T20:50:16.597+05:30 DEBUG 27204 --- [authentication_module] [nio-8080-exec-4] o.s.s.w.a.Http403ForbiddenEntryPoint     : Pre-authenticated entry point called. Rejecting access
2026-08-21T20:50:16.598+05:30 DEBUG 27204 --- [authentication_module] [nio-8080-exec-4] o.s.security.web.FilterChainProxy        : Securing GET /error
2026-08-21T20:50:16.598+05:30 DEBUG 27204 --- [authentication_module] [nio-8080-exec-4] o.s.s.w.a.AnonymousAuthenticationFilter  : Set SecurityContextHolder to anonymous SecurityContext
2026-08-21T20:50:16.598+05:30 DEBUG 27204 --- [authentication_module] [nio-8080-exec-4] o.s.s.w.a.Http403ForbiddenEntryPoint     : Pre-authenticated entry point called. Rejecting access
2026-08-21T20:53:49.681+05:30 DEBUG 27204 --- [authentication_module] [nio-8080-exec-5] o.s.security.web.FilterChainProxy        : Securing POST /auth/register
2026-08-21T20:53:49.690+05:30 DEBUG 27204 --- [authentication_module] [nio-8080-exec-5] o.s.s.w.a.AnonymousAuthenticationFilter  : Set SecurityContextHolder to anonymous SecurityContext
2026-08-21T20:53:49.702+05:30 DEBUG 27204 --- [authentication_module] [nio-8080-exec-5] o.s.security.web.FilterChainProxy        : Secured POST /auth/register
2026-08-21T20:53:49.702+05:30 TRACE 27204 --- [authentication_module] [nio-8080-exec-5] s.w.s.m.m.a.RequestMappingHandlerMapping : Mapped to com.example.authentication_module.Controller.UserController#registerUser(RegisterRequestDTO)
[UserService] Registration started for email: srohan0008@gmail.com
Hibernate: select um1_0.id from users um1_0 where um1_0.email=? fetch first ? rows only
Hibernate: select um1_0.id from users um1_0 where um1_0.phone_number=? fetch first ? rows only
Hibernate: insert into users (account_non_expired,account_non_locked,address,city,country,created_at,credentials_non_expired,date_of_birth,email,email_verified,enabled,last_accessed_at,login_time,password,phone_number,role,state,updated_at,username) values (?,?,?,?,?,?,?,?,?,?,?,?,?,?,?,?,?,?,?)
[UserService] User saved with id: 2
Hibernate: insert into email_verification_token_entity (expiry_date,token,used,user_id) values (?,?,?,?)
[UserService] Verification token created: f6c97f5e-9396-43d0-ad9a-bf511dec6151
[UserService] Attempting to send verification email to: srohan0008@gmail.com
[EmailSenderService] Preparing verification email to: srohan0008@gmail.com
[EmailSenderService] Setting From: t81958319@gmail.com
[EmailSenderService] Verification URL: http://localhost:5173/verify-email?token=f6c97f5e-9396-43d0-ad9a-bf511dec6151
[EmailSenderService] Sending verification email...
[EmailSenderService] Email sent successfully to: srohan0008@gmail.com
[UserService] sendVerificationEmail returned without exception.
2026-08-21T20:56:13.011+05:30 DEBUG 27204 --- [authentication_module] [nio-8080-exec-6] o.s.security.web.FilterChainProxy        : Securing POST /auth/register
2026-08-21T20:56:13.014+05:30 DEBUG 27204 --- [authentication_module] [nio-8080-exec-6] o.s.s.w.a.AnonymousAuthenticationFilter  : Set SecurityContextHolder to anonymous SecurityContext
2026-08-21T20:56:13.022+05:30 DEBUG 27204 --- [authentication_module] [nio-8080-exec-6] o.s.security.web.FilterChainProxy        : Secured POST /auth/register
2026-08-21T20:56:13.023+05:30 TRACE 27204 --- [authentication_module] [nio-8080-exec-6] s.w.s.m.m.a.RequestMappingHandlerMapping : Mapped to com.example.authentication_module.Controller.UserController#registerUser(RegisterRequestDTO)
[UserService] Registration started for email: srohan008@gmail.com
Hibernate: select um1_0.id from users um1_0 where um1_0.email=? fetch first ? rows only
Hibernate: select um1_0.id from users um1_0 where um1_0.phone_number=? fetch first ? rows only
2026-08-21T20:56:13.241+05:30  WARN 27204 --- [authentication_module] [nio-8080-exec-6] .m.m.a.ExceptionHandlerExceptionResolver : Resolved [com.example.authentication_module.Exception.PhoneNumberAlreadyExistsException: Phone number already exists!]
2026-08-21T20:58:04.876+05:30 DEBUG 27204 --- [authentication_module] [nio-8080-exec-8] o.s.security.web.FilterChainProxy        : Securing POST /auth/register
2026-08-21T20:58:04.877+05:30 DEBUG 27204 --- [authentication_module] [nio-8080-exec-8] o.s.s.w.a.AnonymousAuthenticationFilter  : Set SecurityContextHolder to anonymous SecurityContext
2026-08-21T20:58:04.877+05:30 DEBUG 27204 --- [authentication_module] [nio-8080-exec-8] o.s.security.web.FilterChainProxy        : Secured POST /auth/register
2026-08-21T20:58:04.877+05:30 TRACE 27204 --- [authentication_module] [nio-8080-exec-8] s.w.s.m.m.a.RequestMappingHandlerMapping : Mapped to com.example.authentication_module.Controller.UserController#registerUser(RegisterRequestDTO)
[UserService] Registration started for email: srohan008@gmail.com
Hibernate: select um1_0.id from users um1_0 where um1_0.email=? fetch first ? rows only
Hibernate: select um1_0.id from users um1_0 where um1_0.phone_number=? fetch first ? rows only
Hibernate: insert into users (account_non_expired,account_non_locked,address,city,country,created_at,credentials_non_expired,date_of_birth,email,email_verified,enabled,last_accessed_at,login_time,password,phone_number,role,state,updated_at,username) values (?,?,?,?,?,?,?,?,?,?,?,?,?,?,?,?,?,?,?)
[UserService] User saved with id: 1
Hibernate: insert into email_verification_token_entity (expiry_date,token,used,user_id) values (?,?,?,?)
[UserService] Verification token created: e755d2f2-2594-4c48-b07c-7a978168cb6d
[UserService] Attempting to send verification email to: srohan008@gmail.com
[EmailSenderService] Preparing verification email to: srohan008@gmail.com
[EmailSenderService] Setting From: t81958319@gmail.com
[EmailSenderService] Verification URL: http://localhost:5173/verify-email?token=e755d2f2-2594-4c48-b07c-7a978168cb6d
[EmailSenderService] Sending verification email...
[EmailSenderService] Email sent successfully to: srohan008@gmail.com
[UserService] sendVerificationEmail returned without exception.
2026-08-21T21:40:28.283+05:30  INFO 27204 --- [authentication_module] [   File Watcher] rtingClassPathChangeChangedEventListener : Restarting due to 3 class path changes (0 additions, 3 deletions, 0 modifications)
2026-08-21T21:40:28.320+05:30  INFO 27204 --- [authentication_module] [       Thread-5] o.s.boot.tomcat.GracefulShutdown         : Commencing graceful shutdown. Waiting for active requests to complete
2026-08-21T21:40:28.993+05:30  INFO 27204 --- [authentication_module] [tomcat-shutdown] o.s.boot.tomcat.GracefulShutdown         : Graceful shutdown complete
2026-08-21T21:40:29.119+05:30  INFO 27204 --- [authentication_module] [       Thread-5] j.LocalContainerEntityManagerFactoryBean : Closing JPA EntityManagerFactory for persistence unit 'default'
2026-08-21T21:40:29.139+05:30  INFO 27204 --- [authentication_module] [       Thread-5] com.zaxxer.hikari.HikariDataSource       : HikariPool-2 - Shutdown initiated...
2026-08-21T21:40:29.236+05:30  INFO 27204 --- [authentication_module] [       Thread-5] com.zaxxer.hikari.HikariDataSource       : HikariPool-2 - Shutdown completed.

  .   ____          _            __ _ _
 /\\ / ___'_ __ _ _(_)_ __  __ _ \ \ \ \
( ( )\___ | '_ | '_| | '_ \/ _` | \ \ \ \
 \\/  ___)| |_)| | | | | || (_| |  ) ) ) )
  '  |____| .__|_| |_|_| |_\__, | / / / /
 =========|_|==============|___/=/_/_/_/

 :: Spring Boot ::                (v4.1.0)

2026-08-21T21:40:29.806+05:30  INFO 27204 --- [authentication_module] [  restartedMain] c.e.a.AuthenticationModuleApplication    : Starting AuthenticationModuleApplication using Java 21.0.11 with PID 27204 (C:\Users\BHARATH M N\OneDrive\Desktop\Train_ticket\authentication_module\authentication_module\target\classes started by BHARATH M N in C:\Users\BHARATH M N\OneDrive\Desktop\Train_ticket\authentication_module\authentication_module)
2026-08-21T21:40:29.807+05:30  INFO 27204 --- [authentication_module] [  restartedMain] c.e.a.AuthenticationModuleApplication    : No active profile set, falling back to 1 default profile: "default"
2026-08-21T21:40:30.512+05:30  INFO 27204 --- [authentication_module] [  restartedMain] .s.d.r.c.RepositoryConfigurationDelegate : Bootstrapping Spring Data JPA repositories in DEFAULT mode.
2026-08-21T21:40:30.590+05:30  INFO 27204 --- [authentication_module] [  restartedMain] .s.d.r.c.RepositoryConfigurationDelegate : Finished Spring Data repository scanning in 73 ms. Found 4 JPA repository interfaces.
2026-08-21T21:40:30.941+05:30  INFO 27204 --- [authentication_module] [  restartedMain] o.s.boot.tomcat.TomcatWebServer          : Tomcat initialized with port 8080 (http)
2026-08-21T21:40:30.947+05:30  INFO 27204 --- [authentication_module] [  restartedMain] o.apache.catalina.core.StandardService   : Starting service [Tomcat]
2026-08-21T21:40:30.947+05:30  INFO 27204 --- [authentication_module] [  restartedMain] o.apache.catalina.core.StandardEngine    : Starting Servlet engine: [Apache Tomcat/11.0.22]
2026-08-21T21:40:31.015+05:30  INFO 27204 --- [authentication_module] [  restartedMain] b.w.c.s.WebApplicationContextInitializer : Root WebApplicationContext: initialization completed in 1199 ms
2026-08-21T21:40:31.063+05:30 ERROR 27204 --- [authentication_module] [  restartedMain] t.s.DeferredServletContainerInitializers : Error starting Tomcat context. Exception: org.springframework.beans.factory.UnsatisfiedDependencyException. Message: Error creating bean with name 'jwtAuthenticationFilter' defined in file [C:\Users\BHARATH M N\OneDrive\Desktop\Train_ticket\authentication_module\authentication_module\target\classes\com\example\authentication_module\Filter\JwtAuthenticationFilter.class]: Unsatisfied dependency expressed through constructor parameter 1: Error creating bean with name 'customUserDetailsService' defined in file [C:\Users\BHARATH M N\OneDrive\Desktop\Train_ticket\authentication_module\authentication_module\target\classes\com\example\authentication_module\Service\CustomUserDetailsService.class]: Unsatisfied dependency expressed through constructor parameter 0: Error creating bean with name 'userRepository' defined in com.example.authentication_module.Repository.UserRepository defined in @EnableJpaRepositories declared on DataJpaRepositoriesRegistrar.EnableJpaRepositoriesConfiguration: Cannot resolve reference to bean 'jpaSharedEM_entityManagerFactory' while setting bean property 'entityManager'
2026-08-21T21:40:31.069+05:30  INFO 27204 --- [authentication_module] [  restartedMain] o.apache.catalina.core.StandardService   : Stopping service [Tomcat]
2026-08-21T21:40:31.082+05:30  WARN 27204 --- [authentication_module] [  restartedMain] ConfigServletWebServerApplicationContext : Exception encountered during context initialization - cancelling refresh attempt: org.springframework.context.ApplicationContextException: Unable to start web server
2026-08-21T21:40:31.086+05:30  INFO 27204 --- [authentication_module] [  restartedMain] .s.b.a.l.ConditionEvaluationReportLogger : 

Error starting ApplicationContext. To display the condition evaluation report re-run your application with 'debug' enabled.
2026-08-21T21:40:31.095+05:30 ERROR 27204 --- [authentication_module] [  restartedMain] o.s.b.d.LoggingFailureAnalysisReporter   : 

***************************
APPLICATION FAILED TO START
***************************

Description:

Failed to configure a DataSource: 'url' attribute is not specified and no embedded datasource could be configured.

Reason: Failed to determine a suitable driver class


Action:

Consider the following:
	If you want an embedded database (H2, HSQL or Derby), please put it on the classpath.
	If you have database settings to be loaded from a particular profile you may need to activate it (no profiles are currently active).


  .   ____          _            __ _ _
 /\\ / ___'_ __ _ _(_)_ __  __ _ \ \ \ \
( ( )\___ | '_ | '_| | '_ \/ _` | \ \ \ \
 \\/  ___)| |_)| | | | | || (_| |  ) ) ) )
  '  |____| .__|_| |_|_| |_\__, | / / / /
 =========|_|==============|___/=/_/_/_/

 :: Spring Boot ::                (v4.1.0)

2026-08-21T22:56:39.662+05:30  INFO 27204 --- [authentication_module] [  restartedMain] c.e.a.AuthenticationModuleApplication    : Starting AuthenticationModuleApplication using Java 21.0.11 with PID 27204 (C:\Users\BHARATH M N\OneDrive\Desktop\Train_ticket\authentication_module\authentication_module\target\classes started by BHARATH M N in C:\Users\BHARATH M N\OneDrive\Desktop\Train_ticket\authentication_module\authentication_module)
2026-08-21T22:56:39.665+05:30  INFO 27204 --- [authentication_module] [  restartedMain] c.e.a.AuthenticationModuleApplication    : No active profile set, falling back to 1 default profile: "default"
2026-08-21T22:56:40.406+05:30  INFO 27204 --- [authentication_module] [  restartedMain] .s.d.r.c.RepositoryConfigurationDelegate : Bootstrapping Spring Data JPA repositories in DEFAULT mode.
2026-08-21T22:56:40.458+05:30  WARN 27204 --- [authentication_module] [  restartedMain] ConfigServletWebServerApplicationContext : Exception encountered during context initialization - cancelling refresh attempt: java.lang.NoClassDefFoundError: com/example/authentication_module/model/UserModel
2026-08-21T22:56:40.488+05:30  INFO 27204 --- [authentication_module] [  restartedMain] .s.b.a.l.ConditionEvaluationReportLogger : 

Error starting ApplicationContext. To display the condition evaluation report re-run your application with 'debug' enabled.
2026-08-21T22:56:40.532+05:30 ERROR 27204 --- [authentication_module] [  restartedMain] o.s.boot.SpringApplication               : Application run failed

java.lang.NoClassDefFoundError: com/example/authentication_module/model/UserModel
	at java.base/java.lang.Class.getDeclaredMethods0(Native Method) ~[na:na]
	at java.base/java.lang.Class.privateGetDeclaredMethods(Class.java:3580) ~[na:na]
	at java.base/java.lang.Class.privateGetPublicMethods(Class.java:3605) ~[na:na]
	at java.base/java.lang.Class.getMethods(Class.java:2187) ~[na:na]
	at org.springframework.data.core.ReactiveWrappers.usesReactiveType(ReactiveWrappers.java:144) ~[spring-data-commons-4.1.0.jar:4.1.0]
	at org.springframework.data.repository.core.support.AbstractRepositoryMetadata.isReactiveRepository(AbstractRepositoryMetadata.java:140) ~[spring-data-commons-4.1.0.jar:4.1.0]
	at org.springframework.data.repository.config.RepositoryConfigurationExtensionSupport.useRepositoryConfiguration(RepositoryConfigurationExtensionSupport.java:344) ~[spring-data-commons-4.1.0.jar:4.1.0]
	at org.springframework.data.repository.config.RepositoryConfigurationExtensionSupport.getRepositoryConfigurations(RepositoryConfigurationExtensionSupport.java:98) ~[spring-data-commons-4.1.0.jar:4.1.0]
	at org.springframework.data.repository.config.RepositoryConfigurationDelegate.registerRepositoriesIn(RepositoryConfigurationDelegate.java:170) ~[spring-data-commons-4.1.0.jar:4.1.0]
	at org.springframework.boot.autoconfigure.data.AbstractRepositoryConfigurationSourceSupport.registerBeanDefinitions(AbstractRepositoryConfigurationSourceSupport.java:67) ~[spring-boot-autoconfigure-4.1.0.jar:4.1.0]
	at org.springframework.context.annotation.ConfigurationClassBeanDefinitionReader.lambda$loadBeanDefinitionsFromImportBeanDefinitionRegistrars$0(ConfigurationClassBeanDefinitionReader.java:422) ~[spring-context-7.0.8.jar:7.0.8]
	at java.base/java.util.LinkedHashMap.forEach(LinkedHashMap.java:986) ~[na:na]
	at org.springframework.context.annotation.ConfigurationClassBeanDefinitionReader.loadBeanDefinitionsFromImportBeanDefinitionRegistrars(ConfigurationClassBeanDefinitionReader.java:421) ~[spring-context-7.0.8.jar:7.0.8]
	at org.springframework.context.annotation.ConfigurationClassBeanDefinitionReader.loadBeanDefinitionsForConfigurationClass(ConfigurationClassBeanDefinitionReader.java:152) ~[spring-context-7.0.8.jar:7.0.8]
	at org.springframework.context.annotation.ConfigurationClassBeanDefinitionReader.loadBeanDefinitions(ConfigurationClassBeanDefinitionReader.java:124) ~[spring-context-7.0.8.jar:7.0.8]
	at org.springframework.context.annotation.ConfigurationClassPostProcessor.processConfigBeanDefinitions(ConfigurationClassPostProcessor.java:464) ~[spring-context-7.0.8.jar:7.0.8]
	at org.springframework.context.annotation.ConfigurationClassPostProcessor.postProcessBeanDefinitionRegistry(ConfigurationClassPostProcessor.java:316) ~[spring-context-7.0.8.jar:7.0.8]
	at org.springframework.context.support.PostProcessorRegistrationDelegate.invokeBeanDefinitionRegistryPostProcessors(PostProcessorRegistrationDelegate.java:349) ~[spring-context-7.0.8.jar:7.0.8]
	at org.springframework.context.support.PostProcessorRegistrationDelegate.invokeBeanFactoryPostProcessors(PostProcessorRegistrationDelegate.java:118) ~[spring-context-7.0.8.jar:7.0.8]
	at org.springframework.context.support.AbstractApplicationContext.invokeBeanFactoryPostProcessors(AbstractApplicationContext.java:795) ~[spring-context-7.0.8.jar:7.0.8]
	at org.springframework.context.support.AbstractApplicationContext.refresh(AbstractApplicationContext.java:603) ~[spring-context-7.0.8.jar:7.0.8]
	at org.springframework.boot.web.server.servlet.context.ServletWebServerApplicationContext.refresh(ServletWebServerApplicationContext.java:143) ~[spring-boot-web-server-4.1.0.jar:4.1.0]
	at org.springframework.boot.SpringApplication.refresh(SpringApplication.java:756) ~[spring-boot-4.1.0.jar:4.1.0]
	at org.springframework.boot.SpringApplication.refreshContext(SpringApplication.java:445) ~[spring-boot-4.1.0.jar:4.1.0]
	at org.springframework.boot.SpringApplication.run(SpringApplication.java:321) ~[spring-boot-4.1.0.jar:4.1.0]
	at org.springframework.boot.SpringApplication.run(SpringApplication.java:1365) ~[spring-boot-4.1.0.jar:4.1.0]
	at org.springframework.boot.SpringApplication.run(SpringApplication.java:1354) ~[spring-boot-4.1.0.jar:4.1.0]
	at com.example.authentication_module.AuthenticationModuleApplication.main(AuthenticationModuleApplication.java:10) ~[classes/:na]
	at java.base/jdk.internal.reflect.DirectMethodHandleAccessor.invoke(DirectMethodHandleAccessor.java:103) ~[na:na]
	at java.base/java.lang.reflect.Method.invoke(Method.java:580) ~[na:na]
	at org.springframework.boot.devtools.restart.RestartLauncher.run(RestartLauncher.java:52) ~[spring-boot-devtools-4.1.0.jar:4.1.0]
Caused by: java.lang.ClassNotFoundException: com.example.authentication_module.model.UserModel
	at java.base/jdk.internal.loader.BuiltinClassLoader.loadClass(BuiltinClassLoader.java:641) ~[na:na]
	at java.base/jdk.internal.loader.ClassLoaders$AppClassLoader.loadClass(ClassLoaders.java:188) ~[na:na]
	at java.base/java.lang.ClassLoader.loadClass(ClassLoader.java:526) ~[na:na]
	at java.base/java.lang.Class.forName0(Native Method) ~[na:na]
	at java.base/java.lang.Class.forName(Class.java:536) ~[na:na]
	at java.base/java.lang.Class.forName(Class.java:515) ~[na:na]
	at org.springframework.boot.devtools.restart.classloader.RestartClassLoader.loadClass(RestartClassLoader.java:123) ~[spring-boot-devtools-4.1.0.jar:4.1.0]
	at java.base/java.lang.ClassLoader.loadClass(ClassLoader.java:526) ~[na:na]
	... 31 common frames omitted

Exception in thread "restartedMain" java.lang.reflect.InvocationTargetException
	at java.base/jdk.internal.reflect.DirectMethodHandleAccessor.invoke(DirectMethodHandleAccessor.java:118)
	at java.base/java.lang.reflect.Method.invoke(Method.java:580)
	at org.springframework.boot.devtools.restart.RestartLauncher.run(RestartLauncher.java:52)
Caused by: java.lang.IllegalStateException: java.lang.NoClassDefFoundError: com/example/authentication_module/model/UserModel
	at org.springframework.boot.SpringApplication.handleRunFailure(SpringApplication.java:827)
	at org.springframework.boot.SpringApplication.run(SpringApplication.java:331)
	at org.springframework.boot.SpringApplication.run(SpringApplication.java:1365)
	at org.springframework.boot.SpringApplication.run(SpringApplication.java:1354)
	at com.example.authentication_module.AuthenticationModuleApplication.main(AuthenticationModuleApplication.java:10)
	at java.base/jdk.internal.reflect.DirectMethodHandleAccessor.invoke(DirectMethodHandleAccessor.java:103)
	... 2 more
Caused by: java.lang.NoClassDefFoundError: com/example/authentication_module/model/UserModel
	at java.base/java.lang.Class.getDeclaredMethods0(Native Method)
	at java.base/java.lang.Class.privateGetDeclaredMethods(Class.java:3580)
	at java.base/java.lang.Class.privateGetPublicMethods(Class.java:3605)
	at java.base/java.lang.Class.getMethods(Class.java:2187)
	at org.springframework.data.core.ReactiveWrappers.usesReactiveType(ReactiveWrappers.java:144)
	at org.springframework.data.repository.core.support.AbstractRepositoryMetadata.isReactiveRepository(AbstractRepositoryMetadata.java:140)
	at org.springframework.data.repository.config.RepositoryConfigurationExtensionSupport.useRepositoryConfiguration(RepositoryConfigurationExtensionSupport.java:344)
	at org.springframework.data.repository.config.RepositoryConfigurationExtensionSupport.getRepositoryConfigurations(RepositoryConfigurationExtensionSupport.java:98)
	at org.springframework.data.repository.config.RepositoryConfigurationDelegate.registerRepositoriesIn(RepositoryConfigurationDelegate.java:170)
	at org.springframework.boot.autoconfigure.data.AbstractRepositoryConfigurationSourceSupport.registerBeanDefinitions(AbstractRepositoryConfigurationSourceSupport.java:67)
	at org.springframework.context.annotation.ConfigurationClassBeanDefinitionReader.lambda$loadBeanDefinitionsFromImportBeanDefinitionRegistrars$0(ConfigurationClassBeanDefinitionReader.java:422)
	at java.base/java.util.LinkedHashMap.forEach(LinkedHashMap.java:986)
	at org.springframework.context.annotation.ConfigurationClassBeanDefinitionReader.loadBeanDefinitionsFromImportBeanDefinitionRegistrars(ConfigurationClassBeanDefinitionReader.java:421)
	at org.springframework.context.annotation.ConfigurationClassBeanDefinitionReader.loadBeanDefinitionsForConfigurationClass(ConfigurationClassBeanDefinitionReader.java:152)
	at org.springframework.context.annotation.ConfigurationClassBeanDefinitionReader.loadBeanDefinitions(ConfigurationClassBeanDefinitionReader.java:124)
	at org.springframework.context.annotation.ConfigurationClassPostProcessor.processConfigBeanDefinitions(ConfigurationClassPostProcessor.java:464)
	at org.springframework.context.annotation.ConfigurationClassPostProcessor.postProcessBeanDefinitionRegistry(ConfigurationClassPostProcessor.java:316)
	at org.springframework.context.support.PostProcessorRegistrationDelegate.invokeBeanDefinitionRegistryPostProcessors(PostProcessorRegistrationDelegate.java:349)
	at org.springframework.context.support.PostProcessorRegistrationDelegate.invokeBeanFactoryPostProcessors(PostProcessorRegistrationDelegate.java:118)
	at org.springframework.context.support.AbstractApplicationContext.invokeBeanFactoryPostProcessors(AbstractApplicationContext.java:795)
	at org.springframework.context.support.AbstractApplicationContext.refresh(AbstractApplicationContext.java:603)
	at org.springframework.boot.web.server.servlet.context.ServletWebServerApplicationContext.refresh(ServletWebServerApplicationContext.java:143)
	at org.springframework.boot.SpringApplication.refresh(SpringApplication.java:756)
	at org.springframework.boot.SpringApplication.refreshContext(SpringApplication.java:445)
	at org.springframework.boot.SpringApplication.run(SpringApplication.java:321)
	... 6 more
Caused by: java.lang.ClassNotFoundException: com.example.authentication_module.model.UserModel
	at java.base/jdk.internal.loader.BuiltinClassLoader.loadClass(BuiltinClassLoader.java:641)
	at java.base/jdk.internal.loader.ClassLoaders$AppClassLoader.loadClass(ClassLoaders.java:188)
	at java.base/java.lang.ClassLoader.loadClass(ClassLoader.java:526)
	at java.base/java.lang.Class.forName0(Native Method)
	at java.base/java.lang.Class.forName(Class.java:536)
	at java.base/java.lang.Class.forName(Class.java:515)
	at org.springframework.boot.devtools.restart.classloader.RestartClassLoader.loadClass(RestartClassLoader.java:123)
	at java.base/java.lang.ClassLoader.loadClass(ClassLoader.java:526)
	... 31 more

  .   ____          _            __ _ _
 /\\ / ___'_ __ _ _(_)_ __  __ _ \ \ \ \
( ( )\___ | '_ | '_| | '_ \/ _` | \ \ \ \
 \\/  ___)| |_)| | | | | || (_| |  ) ) ) )
  '  |____| .__|_| |_|_| |_\__, | / / / /
 =========|_|==============|___/=/_/_/_/

 :: Spring Boot ::                (v4.1.0)

2026-08-21T22:59:31.698+05:30  INFO 27204 --- [authentication_module] [  restartedMain] c.e.a.AuthenticationModuleApplication    : Starting AuthenticationModuleApplication using Java 21.0.11 with PID 27204 (C:\Users\BHARATH M N\OneDrive\Desktop\Train_ticket\authentication_module\authentication_module\target\classes started by BHARATH M N in C:\Users\BHARATH M N\OneDrive\Desktop\Train_ticket\authentication_module\authentication_module)
2026-08-21T22:59:31.698+05:30  INFO 27204 --- [authentication_module] [  restartedMain] c.e.a.AuthenticationModuleApplication    : No active profile set, falling back to 1 default profile: "default"
2026-08-21T22:59:32.498+05:30  INFO 27204 --- [authentication_module] [  restartedMain] .s.d.r.c.RepositoryConfigurationDelegate : Bootstrapping Spring Data JPA repositories in DEFAULT mode.
2026-08-21T22:59:32.640+05:30  INFO 27204 --- [authentication_module] [  restartedMain] .s.d.r.c.RepositoryConfigurationDelegate : Finished Spring Data repository scanning in 137 ms. Found 5 JPA repository interfaces.
2026-08-21T22:59:33.840+05:30  INFO 27204 --- [authentication_module] [  restartedMain] o.s.boot.tomcat.TomcatWebServer          : Tomcat initialized with port 8080 (http)
2026-08-21T22:59:33.884+05:30  INFO 27204 --- [authentication_module] [  restartedMain] o.apache.catalina.core.StandardService   : Starting service [Tomcat]
2026-08-21T22:59:33.884+05:30  INFO 27204 --- [authentication_module] [  restartedMain] o.apache.catalina.core.StandardEngine    : Starting Servlet engine: [Apache Tomcat/11.0.22]
2026-08-21T22:59:33.998+05:30  INFO 27204 --- [authentication_module] [  restartedMain] b.w.c.s.WebApplicationContextInitializer : Root WebApplicationContext: initialization completed in 2288 ms
2026-08-21T22:59:34.305+05:30  INFO 27204 --- [authentication_module] [  restartedMain] org.hibernate.orm.jpa                    : HHH008540: Processing PersistenceUnitInfo [name: default]
2026-08-21T22:59:34.769+05:30  INFO 27204 --- [authentication_module] [  restartedMain] o.s.o.j.p.SpringPersistenceUnitInfo      : No LoadTimeWeaver setup: ignoring JPA class transformer
2026-08-21T22:59:34.778+05:30  INFO 27204 --- [authentication_module] [  restartedMain] com.zaxxer.hikari.HikariDataSource       : HikariPool-3 - Starting...
2026-08-21T22:59:34.873+05:30  INFO 27204 --- [authentication_module] [  restartedMain] com.zaxxer.hikari.pool.HikariPool        : HikariPool-3 - Added connection org.postgresql.jdbc.PgConnection@15c28845
2026-08-21T22:59:34.873+05:30  INFO 27204 --- [authentication_module] [  restartedMain] com.zaxxer.hikari.HikariDataSource       : HikariPool-3 - Start completed.
2026-08-21T22:59:34.914+05:30  INFO 27204 --- [authentication_module] [  restartedMain] org.hibernate.orm.connections.pooling    : HHH10001005: Database info:
	Database JDBC URL [jdbc:postgresql://localhost:5432/postgres]
	Database driver: PostgreSQL JDBC Driver
	Database dialect: PostgreSQLDialect
	Database version: 18.0
	Default catalog/schema: postgres/public
	Autocommit mode: undefined/unknown
	Isolation level: READ_COMMITTED [default READ_COMMITTED]
	JDBC fetch size: none
	Pool: DataSourceConnectionProvider
	Minimum pool size: undefined/unknown
	Maximum pool size: undefined/unknown
2026-08-21T22:59:36.223+05:30  INFO 27204 --- [authentication_module] [  restartedMain] org.hibernate.orm.core                   : HHH000489: No JTA platform available (set 'hibernate.transaction.jta.platform' to enable JTA platform integration)
Hibernate: create table pending_registrations (id bigint generated by default as identity, address varchar(255) not null, city varchar(255) not null, country varchar(255) not null, created_at timestamp(6) not null, date_of_birth date not null, email varchar(255) not null, expiry_date timestamp(6) not null, password varchar(255) not null, phone_number varchar(255) not null, state varchar(255) not null, token varchar(255) not null, used boolean not null, user_name varchar(255) not null, primary key (id))
Hibernate: alter table if exists pending_registrations drop constraint if exists UK7ff8wqb85sc2cy9rkxmebhrfv
2026-08-21T22:59:36.585+05:30  WARN 27204 --- [authentication_module] [  restartedMain] org.hibernate.orm.jdbc.warn              : HHH000247: ErrorCode: 0, SQLState: 00000
2026-08-21T22:59:36.585+05:30  WARN 27204 --- [authentication_module] [  restartedMain] org.hibernate.orm.jdbc.warn              : constraint "uk7ff8wqb85sc2cy9rkxmebhrfv" of relation "pending_registrations" does not exist, skipping
Hibernate: alter table if exists pending_registrations add constraint UK7ff8wqb85sc2cy9rkxmebhrfv unique (email)
Hibernate: alter table if exists pending_registrations drop constraint if exists UKoq42vy8eyhheb3oeovstrbl6a
2026-08-21T22:59:36.591+05:30  WARN 27204 --- [authentication_module] [  restartedMain] org.hibernate.orm.jdbc.warn              : HHH000247: ErrorCode: 0, SQLState: 00000
2026-08-21T22:59:36.591+05:30  WARN 27204 --- [authentication_module] [  restartedMain] org.hibernate.orm.jdbc.warn              : constraint "ukoq42vy8eyhheb3oeovstrbl6a" of relation "pending_registrations" does not exist, skipping
Hibernate: alter table if exists pending_registrations add constraint UKoq42vy8eyhheb3oeovstrbl6a unique (phone_number)
Hibernate: alter table if exists pending_registrations drop constraint if exists UKn4crmhf6uwf3r8nh22ha2voqh
2026-08-21T22:59:36.594+05:30  WARN 27204 --- [authentication_module] [  restartedMain] org.hibernate.orm.jdbc.warn              : HHH000247: ErrorCode: 0, SQLState: 00000
2026-08-21T22:59:36.594+05:30  WARN 27204 --- [authentication_module] [  restartedMain] org.hibernate.orm.jdbc.warn              : constraint "ukn4crmhf6uwf3r8nh22ha2voqh" of relation "pending_registrations" does not exist, skipping
Hibernate: alter table if exists pending_registrations add constraint UKn4crmhf6uwf3r8nh22ha2voqh unique (token)
2026-08-21T22:59:36.627+05:30  INFO 27204 --- [authentication_module] [  restartedMain] j.LocalContainerEntityManagerFactoryBean : Initialized JPA EntityManagerFactory for persistence unit 'default'
2026-08-21T22:59:37.137+05:30  INFO 27204 --- [authentication_module] [  restartedMain] eAuthenticationProviderManagerConfigurer : Global AuthenticationManager configured with AuthenticationProvider bean with name authenticationProvider
2026-08-21T22:59:37.138+05:30  WARN 27204 --- [authentication_module] [  restartedMain] r$InitializeUserDetailsManagerConfigurer : Global AuthenticationManager configured with an AuthenticationProvider bean. UserDetailsService beans will not be used by Spring Security for automatically configuring username/password login. Consider removing the AuthenticationProvider bean. Alternatively, consider using the UserDetailsService in a manually instantiated DaoAuthenticationProvider. If the current configuration is intentional, to turn off this warning, increase the logging level of 'org.springframework.security.config.annotation.authentication.configuration.InitializeUserDetailsBeanManagerConfigurer' to ERROR
2026-08-21T22:59:37.164+05:30  WARN 27204 --- [authentication_module] [  restartedMain] JpaBaseConfiguration$JpaWebConfiguration : spring.jpa.open-in-view is enabled by default. Therefore, database queries may be performed during view rendering. Explicitly configure spring.jpa.open-in-view to disable this warning
2026-08-21T22:59:37.440+05:30 DEBUG 27204 --- [authentication_module] [  restartedMain] o.s.s.web.DefaultSecurityFilterChain     : Will secure any request with filters: DisableEncodeUrlFilter, WebAsyncManagerIntegrationFilter, SecurityContextHolderFilter, HeaderWriterFilter, LogoutFilter, JwtAuthenticationFilter, RequestCacheAwareFilter, SecurityContextHolderAwareRequestFilter, AnonymousAuthenticationFilter, SessionManagementFilter, ExceptionTranslationFilter, AuthorizationFilter
2026-08-21T22:59:37.535+05:30 TRACE 27204 --- [authentication_module] [  restartedMain] s.w.s.m.m.a.RequestMappingHandlerMapping : 
	c.e.a.C.ProfileController:
	{GET [/profile/get-profile]}: getProfile(Authentication)
	{PUT [/profile/update]}: updateProfile(Authentication,UpdateProfileRequestDTO)
2026-08-21T22:59:37.545+05:30 TRACE 27204 --- [authentication_module] [  restartedMain] s.w.s.m.m.a.RequestMappingHandlerMapping : 
	c.e.a.C.UserController:
	{POST [/auth/logout]}: logout(LogoutRequestDTO)
	{POST [/auth/login]}: loginUser(LoginRequestDTO)
	{POST [/auth/forgot-password]}: forgotPassword(ForgotPasswordRequestDTO)
	{PUT [/auth/change-password]}: changePassword(Authentication,ChangePasswordRequestDTO)
	{GET [/auth/verify-email]}: verifyEmail(String)
	{POST [/auth/register]}: registerUser(RegisterRequestDTO)
	{POST [/auth/refresh-token]}: refreshToken(RefreshTokenRequestDTO)
	{POST [/auth/reset-password]}: resetPassword(ResetPasswordRequestDTO)
2026-08-21T22:59:37.552+05:30 TRACE 27204 --- [authentication_module] [  restartedMain] s.w.s.m.m.a.RequestMappingHandlerMapping : 
	o.s.b.w.a.e.BasicErrorController:
	{ [/error]}: error(HttpServletRequest)
	{ [/error], produces [text/html]}: errorHtml(HttpServletRequest,HttpServletResponse)
2026-08-21T22:59:37.555+05:30 DEBUG 27204 --- [authentication_module] [  restartedMain] s.w.s.m.m.a.RequestMappingHandlerMapping : 12 mappings in 'requestMappingHandlerMapping'
2026-08-21T22:59:38.534+05:30  INFO 27204 --- [authentication_module] [  restartedMain] o.s.boot.tomcat.TomcatWebServer          : Tomcat started on port 8080 (http) with context path '/'
2026-08-21T22:59:38.547+05:30  INFO 27204 --- [authentication_module] [  restartedMain] c.e.a.AuthenticationModuleApplication    : Started AuthenticationModuleApplication in 6.922 seconds (process running for 13482.329)
2026-08-21T22:59:38.556+05:30  INFO 27204 --- [authentication_module] [  restartedMain] .ConditionEvaluationDeltaLoggingListener : Condition evaluation unchanged
2026-08-21T23:01:49.915+05:30  INFO 27204 --- [authentication_module] [nio-8080-exec-1] o.a.c.c.C.[Tomcat-1].[localhost].[/]     : Initializing Spring DispatcherServlet 'dispatcherServlet'
2026-08-21T23:01:49.916+05:30  INFO 27204 --- [authentication_module] [nio-8080-exec-1] o.s.web.servlet.DispatcherServlet        : Initializing Servlet 'dispatcherServlet'
2026-08-21T23:01:49.920+05:30  INFO 27204 --- [authentication_module] [nio-8080-exec-1] o.s.web.servlet.DispatcherServlet        : Completed initialization in 4 ms
2026-08-21T23:01:49.929+05:30 DEBUG 27204 --- [authentication_module] [nio-8080-exec-1] o.s.security.web.FilterChainProxy        : Securing POST /auth/register
2026-08-21T23:01:49.933+05:30 DEBUG 27204 --- [authentication_module] [nio-8080-exec-1] o.s.s.w.a.AnonymousAuthenticationFilter  : Set SecurityContextHolder to anonymous SecurityContext
2026-08-21T23:01:49.933+05:30 DEBUG 27204 --- [authentication_module] [nio-8080-exec-1] o.s.security.web.FilterChainProxy        : Secured POST /auth/register
2026-08-21T23:01:49.937+05:30 TRACE 27204 --- [authentication_module] [nio-8080-exec-1] s.w.s.m.m.a.RequestMappingHandlerMapping : Mapped to com.example.authentication_module.Controller.UserController#registerUser(RegisterRequestDTO)
[UserService] Registration started for email: e2e.test.user@example.com
Hibernate: select um1_0.id from users um1_0 where um1_0.email=? fetch first ? rows only
Hibernate: select pr1_0.id from pending_registrations pr1_0 where pr1_0.email=? fetch first ? rows only
Hibernate: select um1_0.id from users um1_0 where um1_0.phone_number=? fetch first ? rows only
Hibernate: select pr1_0.id from pending_registrations pr1_0 where pr1_0.phone_number=? fetch first ? rows only
Hibernate: insert into pending_registrations (address,city,country,created_at,date_of_birth,email,expiry_date,password,phone_number,state,token,used,user_name) values (?,?,?,?,?,?,?,?,?,?,?,?,?)
[UserService] Pending registration saved with token: 25769c0d-e77e-43f3-9e52-0f3c5224c7e9
[UserService] Attempting to send verification email to: e2e.test.user@example.com
[EmailSenderService] Preparing verification email to: e2e.test.user@example.com
[EmailSenderService] Setting From: t81958319@gmail.com
[EmailSenderService] Verification URL: http://localhost:5173/verify-email?token=25769c0d-e77e-43f3-9e52-0f3c5224c7e9
[EmailSenderService] Sending verification email...
[EmailSenderService] Email sent successfully to: e2e.test.user@example.com
[UserService] sendVerificationEmail returned without exception.
2026-08-21T23:02:28.586+05:30 DEBUG 27204 --- [authentication_module] [nio-8080-exec-3] o.s.security.web.FilterChainProxy        : Securing POST /auth/login
2026-08-21T23:02:28.597+05:30 DEBUG 27204 --- [authentication_module] [nio-8080-exec-3] o.s.s.w.a.AnonymousAuthenticationFilter  : Set SecurityContextHolder to anonymous SecurityContext
2026-08-21T23:02:28.598+05:30 DEBUG 27204 --- [authentication_module] [nio-8080-exec-3] o.s.security.web.FilterChainProxy        : Secured POST /auth/login
2026-08-21T23:02:28.598+05:30 TRACE 27204 --- [authentication_module] [nio-8080-exec-3] s.w.s.m.m.a.RequestMappingHandlerMapping : Mapped to com.example.authentication_module.Controller.UserController#loginUser(LoginRequestDTO)
Hibernate: select um1_0.id,um1_0.account_non_expired,um1_0.account_non_locked,um1_0.address,um1_0.city,um1_0.country,um1_0.created_at,um1_0.credentials_non_expired,um1_0.date_of_birth,um1_0.email,um1_0.email_verified,um1_0.enabled,um1_0.last_accessed_at,um1_0.login_time,um1_0.password,um1_0.phone_number,um1_0.role,um1_0.state,um1_0.updated_at,um1_0.username from users um1_0 where um1_0.email=?
2026-08-21T23:02:28.652+05:30  WARN 27204 --- [authentication_module] [nio-8080-exec-3] .m.m.a.ExceptionHandlerExceptionResolver : Resolved [com.example.authentication_module.Exception.UserNotFoundException: User not found: User not found!]
2026-08-21T23:02:45.678+05:30 DEBUG 27204 --- [authentication_module] [nio-8080-exec-5] o.s.security.web.FilterChainProxy        : Securing GET /auth/verify-email?token=25769c0d-e77e-43f3-9e52-0f3c5224c7e9
2026-08-21T23:02:45.679+05:30 DEBUG 27204 --- [authentication_module] [nio-8080-exec-5] o.s.s.w.a.AnonymousAuthenticationFilter  : Set SecurityContextHolder to anonymous SecurityContext
2026-08-21T23:02:45.679+05:30 DEBUG 27204 --- [authentication_module] [nio-8080-exec-5] o.s.security.web.FilterChainProxy        : Secured GET /auth/verify-email?token=25769c0d-e77e-43f3-9e52-0f3c5224c7e9
2026-08-21T23:02:45.679+05:30 TRACE 27204 --- [authentication_module] [nio-8080-exec-5] s.w.s.m.m.a.RequestMappingHandlerMapping : Mapped to com.example.authentication_module.Controller.UserController#verifyEmail(String)
Hibernate: select pr1_0.id,pr1_0.address,pr1_0.city,pr1_0.country,pr1_0.created_at,pr1_0.date_of_birth,pr1_0.email,pr1_0.expiry_date,pr1_0.password,pr1_0.phone_number,pr1_0.state,pr1_0.token,pr1_0.used,pr1_0.user_name from pending_registrations pr1_0 where pr1_0.token=?
Hibernate: insert into users (account_non_expired,account_non_locked,address,city,country,created_at,credentials_non_expired,date_of_birth,email,email_verified,enabled,last_accessed_at,login_time,password,phone_number,role,state,updated_at,username) values (?,?,?,?,?,?,?,?,?,?,?,?,?,?,?,?,?,?,?)
Hibernate: update pending_registrations set address=?,city=?,country=?,date_of_birth=?,email=?,expiry_date=?,password=?,phone_number=?,state=?,token=?,used=?,user_name=? where id=?
2026-08-21T23:02:59.958+05:30 DEBUG 27204 --- [authentication_module] [nio-8080-exec-7] o.s.security.web.FilterChainProxy        : Securing POST /auth/login
2026-08-21T23:02:59.958+05:30 DEBUG 27204 --- [authentication_module] [nio-8080-exec-7] o.s.s.w.a.AnonymousAuthenticationFilter  : Set SecurityContextHolder to anonymous SecurityContext
2026-08-21T23:02:59.958+05:30 DEBUG 27204 --- [authentication_module] [nio-8080-exec-7] o.s.security.web.FilterChainProxy        : Secured POST /auth/login
2026-08-21T23:02:59.964+05:30 TRACE 27204 --- [authentication_module] [nio-8080-exec-7] s.w.s.m.m.a.RequestMappingHandlerMapping : Mapped to com.example.authentication_module.Controller.UserController#loginUser(LoginRequestDTO)
Hibernate: select um1_0.id,um1_0.account_non_expired,um1_0.account_non_locked,um1_0.address,um1_0.city,um1_0.country,um1_0.created_at,um1_0.credentials_non_expired,um1_0.date_of_birth,um1_0.email,um1_0.email_verified,um1_0.enabled,um1_0.last_accessed_at,um1_0.login_time,um1_0.password,um1_0.phone_number,um1_0.role,um1_0.state,um1_0.updated_at,um1_0.username from users um1_0 where um1_0.email=?
Hibernate: update users set account_non_expired=?,account_non_locked=?,address=?,city=?,country=?,credentials_non_expired=?,date_of_birth=?,email=?,email_verified=?,enabled=?,last_accessed_at=?,login_time=?,password=?,phone_number=?,role=?,state=?,updated_at=?,username=? where id=?
Hibernate: insert into refresh_tokens (created_at,expiry_date,revoked,token,user_id) values (?,?,?,?,?)
2026-08-21T23:03:27.788+05:30 DEBUG 27204 --- [authentication_module] [io-8080-exec-10] o.s.security.web.FilterChainProxy        : Securing GET /profile/get-profile
email: e2e.test.user@example.com
Hibernate: select um1_0.id,um1_0.account_non_expired,um1_0.account_non_locked,um1_0.address,um1_0.city,um1_0.country,um1_0.created_at,um1_0.credentials_non_expired,um1_0.date_of_birth,um1_0.email,um1_0.email_verified,um1_0.enabled,um1_0.last_accessed_at,um1_0.login_time,um1_0.password,um1_0.phone_number,um1_0.role,um1_0.state,um1_0.updated_at,um1_0.username from users um1_0 where um1_0.email=?
looking for emaile2e.test.user@example.com
2026-08-21T23:03:28.352+05:30 DEBUG 27204 --- [authentication_module] [io-8080-exec-10] o.s.security.web.FilterChainProxy        : Secured GET /profile/get-profile
2026-08-21T23:03:28.362+05:30 TRACE 27204 --- [authentication_module] [io-8080-exec-10] s.w.s.m.m.a.RequestMappingHandlerMapping : Mapped to com.example.authentication_module.Controller.ProfileController#getProfile(Authentication)
Hibernate: select um1_0.id,um1_0.account_non_expired,um1_0.account_non_locked,um1_0.address,um1_0.city,um1_0.country,um1_0.created_at,um1_0.credentials_non_expired,um1_0.date_of_birth,um1_0.email,um1_0.email_verified,um1_0.enabled,um1_0.last_accessed_at,um1_0.login_time,um1_0.password,um1_0.phone_number,um1_0.role,um1_0.state,um1_0.updated_at,um1_0.username from users um1_0 where um1_0.email=?
2026-08-21T23:14:52.714+05:30 DEBUG 27204 --- [authentication_module] [nio-8080-exec-1] o.s.security.web.FilterChainProxy        : Securing POST /auth/register
2026-08-21T23:14:52.717+05:30 DEBUG 27204 --- [authentication_module] [nio-8080-exec-1] o.s.s.w.a.AnonymousAuthenticationFilter  : Set SecurityContextHolder to anonymous SecurityContext
2026-08-21T23:14:52.717+05:30 DEBUG 27204 --- [authentication_module] [nio-8080-exec-1] o.s.security.web.FilterChainProxy        : Secured POST /auth/register
2026-08-21T23:14:52.718+05:30 TRACE 27204 --- [authentication_module] [nio-8080-exec-1] s.w.s.m.m.a.RequestMappingHandlerMapping : Mapped to com.example.authentication_module.Controller.UserController#registerUser(RegisterRequestDTO)
[UserService] Registration started for email: user.b.isolation@example.com
Hibernate: select um1_0.id from users um1_0 where um1_0.email=? fetch first ? rows only
Hibernate: select pr1_0.id from pending_registrations pr1_0 where pr1_0.email=? fetch first ? rows only
Hibernate: select um1_0.id from users um1_0 where um1_0.phone_number=? fetch first ? rows only
Hibernate: select pr1_0.id from pending_registrations pr1_0 where pr1_0.phone_number=? fetch first ? rows only
Hibernate: insert into pending_registrations (address,city,country,created_at,date_of_birth,email,expiry_date,password,phone_number,state,token,used,user_name) values (?,?,?,?,?,?,?,?,?,?,?,?,?)
[UserService] Pending registration saved with token: 0f0463b9-2636-4399-8c2b-4d6d623b9907
[UserService] Attempting to send verification email to: user.b.isolation@example.com
[EmailSenderService] Preparing verification email to: user.b.isolation@example.com
[EmailSenderService] Setting From: t81958319@gmail.com
[EmailSenderService] Verification URL: http://localhost:5173/verify-email?token=0f0463b9-2636-4399-8c2b-4d6d623b9907
[EmailSenderService] Sending verification email...
[EmailSenderService] Email sent successfully to: user.b.isolation@example.com
[UserService] sendVerificationEmail returned without exception.
2026-08-21T23:14:57.229+05:30 DEBUG 27204 --- [authentication_module] [nio-8080-exec-2] o.s.security.web.FilterChainProxy        : Securing GET /auth/verify-email?token=0f0463b9-2636-4399-8c2b-4d6d623b9907
2026-08-21T23:14:57.229+05:30 DEBUG 27204 --- [authentication_module] [nio-8080-exec-2] o.s.s.w.a.AnonymousAuthenticationFilter  : Set SecurityContextHolder to anonymous SecurityContext
2026-08-21T23:14:57.229+05:30 DEBUG 27204 --- [authentication_module] [nio-8080-exec-2] o.s.security.web.FilterChainProxy        : Secured GET /auth/verify-email?token=0f0463b9-2636-4399-8c2b-4d6d623b9907
2026-08-21T23:14:57.230+05:30 TRACE 27204 --- [authentication_module] [nio-8080-exec-2] s.w.s.m.m.a.RequestMappingHandlerMapping : Mapped to com.example.authentication_module.Controller.UserController#verifyEmail(String)
Hibernate: select pr1_0.id,pr1_0.address,pr1_0.city,pr1_0.country,pr1_0.created_at,pr1_0.date_of_birth,pr1_0.email,pr1_0.expiry_date,pr1_0.password,pr1_0.phone_number,pr1_0.state,pr1_0.token,pr1_0.used,pr1_0.user_name from pending_registrations pr1_0 where pr1_0.token=?
Hibernate: insert into users (account_non_expired,account_non_locked,address,city,country,created_at,credentials_non_expired,date_of_birth,email,email_verified,enabled,last_accessed_at,login_time,password,phone_number,role,state,updated_at,username) values (?,?,?,?,?,?,?,?,?,?,?,?,?,?,?,?,?,?,?)
Hibernate: update pending_registrations set address=?,city=?,country=?,date_of_birth=?,email=?,expiry_date=?,password=?,phone_number=?,state=?,token=?,used=?,user_name=? where id=?
2026-08-21T23:14:57.261+05:30 DEBUG 27204 --- [authentication_module] [nio-8080-exec-3] o.s.security.web.FilterChainProxy        : Securing POST /auth/login
2026-08-21T23:14:57.262+05:30 DEBUG 27204 --- [authentication_module] [nio-8080-exec-3] o.s.s.w.a.AnonymousAuthenticationFilter  : Set SecurityContextHolder to anonymous SecurityContext
2026-08-21T23:14:57.262+05:30 DEBUG 27204 --- [authentication_module] [nio-8080-exec-3] o.s.security.web.FilterChainProxy        : Secured POST /auth/login
2026-08-21T23:14:57.262+05:30 TRACE 27204 --- [authentication_module] [nio-8080-exec-3] s.w.s.m.m.a.RequestMappingHandlerMapping : Mapped to com.example.authentication_module.Controller.UserController#loginUser(LoginRequestDTO)
Hibernate: select um1_0.id,um1_0.account_non_expired,um1_0.account_non_locked,um1_0.address,um1_0.city,um1_0.country,um1_0.created_at,um1_0.credentials_non_expired,um1_0.date_of_birth,um1_0.email,um1_0.email_verified,um1_0.enabled,um1_0.last_accessed_at,um1_0.login_time,um1_0.password,um1_0.phone_number,um1_0.role,um1_0.state,um1_0.updated_at,um1_0.username from users um1_0 where um1_0.email=?
Hibernate: update users set account_non_expired=?,account_non_locked=?,address=?,city=?,country=?,credentials_non_expired=?,date_of_birth=?,email=?,email_verified=?,enabled=?,last_accessed_at=?,login_time=?,password=?,phone_number=?,role=?,state=?,updated_at=?,username=? where id=?
Hibernate: insert into refresh_tokens (created_at,expiry_date,revoked,token,user_id) values (?,?,?,?,?)
2026-08-21T23:19:51.272+05:30 DEBUG 27204 --- [authentication_module] [nio-8080-exec-5] o.s.security.web.FilterChainProxy        : Securing GET /profile/get-profile
email: e2e.test.user@example.com
Hibernate: select um1_0.id,um1_0.account_non_expired,um1_0.account_non_locked,um1_0.address,um1_0.city,um1_0.country,um1_0.created_at,um1_0.credentials_non_expired,um1_0.date_of_birth,um1_0.email,um1_0.email_verified,um1_0.enabled,um1_0.last_accessed_at,um1_0.login_time,um1_0.password,um1_0.phone_number,um1_0.role,um1_0.state,um1_0.updated_at,um1_0.username from users um1_0 where um1_0.email=?
looking for emaile2e.test.user@example.com
2026-08-21T23:19:51.280+05:30 DEBUG 27204 --- [authentication_module] [nio-8080-exec-5] o.s.security.web.FilterChainProxy        : Secured GET /profile/get-profile
2026-08-21T23:19:51.281+05:30 TRACE 27204 --- [authentication_module] [nio-8080-exec-5] s.w.s.m.m.a.RequestMappingHandlerMapping : Mapped to com.example.authentication_module.Controller.ProfileController#getProfile(Authentication)
Hibernate: select um1_0.id,um1_0.account_non_expired,um1_0.account_non_locked,um1_0.address,um1_0.city,um1_0.country,um1_0.created_at,um1_0.credentials_non_expired,um1_0.date_of_birth,um1_0.email,um1_0.email_verified,um1_0.enabled,um1_0.last_accessed_at,um1_0.login_time,um1_0.password,um1_0.phone_number,um1_0.role,um1_0.state,um1_0.updated_at,um1_0.username from users um1_0 where um1_0.email=?
2026-08-21T23:51:14.428+05:30  WARN 27204 --- [authentication_module] [l-3:housekeeper] com.zaxxer.hikari.pool.HikariPool        : HikariPool-3 - Thread starvation or clock leap detected (housekeeper delta=21m29s969ms29µs800ns).
2026-08-22T01:01:30.555+05:30  WARN 27204 --- [authentication_module] [l-3:housekeeper] com.zaxxer.hikari.pool.HikariPool        : HikariPool-3 - Thread starvation or clock leap detected (housekeeper delta=1h10m16s128ms120µs300ns).
2026-08-22T05:51:28.367+05:30  WARN 27204 --- [authentication_module] [l-3:housekeeper] com.zaxxer.hikari.pool.HikariPool        : HikariPool-3 - Thread starvation or clock leap detected (housekeeper delta=4h49m57s810ms956µs900ns).
2026-08-22T09:04:02.652+05:30  WARN 27204 --- [authentication_module] [l-3:housekeeper] com.zaxxer.hikari.pool.HikariPool        : HikariPool-3 - Thread starvation or clock leap detected (housekeeper delta=3h12m47s619ms872µs100ns).
2026-08-22T09:06:43.571+05:30 DEBUG 27204 --- [authentication_module] [nio-8080-exec-6] o.s.security.web.FilterChainProxy        : Securing POST /auth/login
2026-08-22T09:06:43.573+05:30 DEBUG 27204 --- [authentication_module] [nio-8080-exec-6] o.s.s.w.a.AnonymousAuthenticationFilter  : Set SecurityContextHolder to anonymous SecurityContext
2026-08-22T09:06:43.574+05:30 DEBUG 27204 --- [authentication_module] [nio-8080-exec-6] o.s.security.web.FilterChainProxy        : Secured POST /auth/login
2026-08-22T09:06:43.574+05:30 TRACE 27204 --- [authentication_module] [nio-8080-exec-6] s.w.s.m.m.a.RequestMappingHandlerMapping : Mapped to com.example.authentication_module.Controller.UserController#loginUser(LoginRequestDTO)
Hibernate: select um1_0.id,um1_0.account_non_expired,um1_0.account_non_locked,um1_0.address,um1_0.city,um1_0.country,um1_0.created_at,um1_0.credentials_non_expired,um1_0.date_of_birth,um1_0.email,um1_0.email_verified,um1_0.enabled,um1_0.last_accessed_at,um1_0.login_time,um1_0.password,um1_0.phone_number,um1_0.role,um1_0.state,um1_0.updated_at,um1_0.username from users um1_0 where um1_0.email=?
2026-08-22T09:06:43.762+05:30  WARN 27204 --- [authentication_module] [nio-8080-exec-6] .m.m.a.ExceptionHandlerExceptionResolver : Resolved [com.example.authentication_module.Exception.UserNotFoundException: User not found: User not found!]
2026-08-22T09:07:21.528+05:30 DEBUG 27204 --- [authentication_module] [nio-8080-exec-7] o.s.security.web.FilterChainProxy        : Securing POST /auth/register
2026-08-22T09:07:21.532+05:30 DEBUG 27204 --- [authentication_module] [nio-8080-exec-7] o.s.s.w.a.AnonymousAuthenticationFilter  : Set SecurityContextHolder to anonymous SecurityContext
2026-08-22T09:07:21.532+05:30 DEBUG 27204 --- [authentication_module] [nio-8080-exec-7] o.s.security.web.FilterChainProxy        : Secured POST /auth/register
2026-08-22T09:07:21.534+05:30 TRACE 27204 --- [authentication_module] [nio-8080-exec-7] s.w.s.m.m.a.RequestMappingHandlerMapping : Mapped to com.example.authentication_module.Controller.UserController#registerUser(RegisterRequestDTO)
[UserService] Registration started for email: bharathmn006@gmail.com
Hibernate: select um1_0.id from users um1_0 where um1_0.email=? fetch first ? rows only
Hibernate: select pr1_0.id from pending_registrations pr1_0 where pr1_0.email=? fetch first ? rows only
Hibernate: select um1_0.id from users um1_0 where um1_0.phone_number=? fetch first ? rows only
Hibernate: select pr1_0.id from pending_registrations pr1_0 where pr1_0.phone_number=? fetch first ? rows only
Hibernate: insert into pending_registrations (address,city,country,created_at,date_of_birth,email,expiry_date,password,phone_number,state,token,used,user_name) values (?,?,?,?,?,?,?,?,?,?,?,?,?)
[UserService] Pending registration saved with token: 0f1bf0e7-ce8b-46b3-81dc-a9c0872d6702
[UserService] Attempting to send verification email to: bharathmn006@gmail.com
[EmailSenderService] Preparing verification email to: bharathmn006@gmail.com
[EmailSenderService] Setting From: t81958319@gmail.com
[EmailSenderService] Verification URL: http://localhost:5173/verify-email?token=0f1bf0e7-ce8b-46b3-81dc-a9c0872d6702
[EmailSenderService] Sending verification email...
[EmailSenderService] Email sent successfully to: bharathmn006@gmail.com
[UserService] sendVerificationEmail returned without exception.
2026-08-22T09:07:45.430+05:30 DEBUG 27204 --- [authentication_module] [nio-8080-exec-9] o.s.security.web.FilterChainProxy        : Securing GET /auth/verify-email?token=0f1bf0e7-ce8b-46b3-81dc-a9c0872d6702
2026-08-22T09:07:45.438+05:30 DEBUG 27204 --- [authentication_module] [nio-8080-exec-9] o.s.s.w.a.AnonymousAuthenticationFilter  : Set SecurityContextHolder to anonymous SecurityContext
2026-08-22T09:07:45.439+05:30 DEBUG 27204 --- [authentication_module] [nio-8080-exec-9] o.s.security.web.FilterChainProxy        : Secured GET /auth/verify-email?token=0f1bf0e7-ce8b-46b3-81dc-a9c0872d6702
2026-08-22T09:07:45.440+05:30 TRACE 27204 --- [authentication_module] [nio-8080-exec-9] s.w.s.m.m.a.RequestMappingHandlerMapping : Mapped to com.example.authentication_module.Controller.UserController#verifyEmail(String)
Hibernate: select pr1_0.id,pr1_0.address,pr1_0.city,pr1_0.country,pr1_0.created_at,pr1_0.date_of_birth,pr1_0.email,pr1_0.expiry_date,pr1_0.password,pr1_0.phone_number,pr1_0.state,pr1_0.token,pr1_0.used,pr1_0.user_name from pending_registrations pr1_0 where pr1_0.token=?
Hibernate: insert into users (account_non_expired,account_non_locked,address,city,country,created_at,credentials_non_expired,date_of_birth,email,email_verified,enabled,last_accessed_at,login_time,password,phone_number,role,state,updated_at,username) values (?,?,?,?,?,?,?,?,?,?,?,?,?,?,?,?,?,?,?)
Hibernate: update pending_registrations set address=?,city=?,country=?,date_of_birth=?,email=?,expiry_date=?,password=?,phone_number=?,state=?,token=?,used=?,user_name=? where id=?
2026-08-22T09:07:45.573+05:30 DEBUG 27204 --- [authentication_module] [io-8080-exec-10] o.s.security.web.FilterChainProxy        : Securing GET /auth/verify-email?token=0f1bf0e7-ce8b-46b3-81dc-a9c0872d6702
2026-08-22T09:07:45.574+05:30 DEBUG 27204 --- [authentication_module] [io-8080-exec-10] o.s.s.w.a.AnonymousAuthenticationFilter  : Set SecurityContextHolder to anonymous SecurityContext
2026-08-22T09:07:45.574+05:30 DEBUG 27204 --- [authentication_module] [io-8080-exec-10] o.s.security.web.FilterChainProxy        : Secured GET /auth/verify-email?token=0f1bf0e7-ce8b-46b3-81dc-a9c0872d6702
2026-08-22T09:07:45.574+05:30 TRACE 27204 --- [authentication_module] [io-8080-exec-10] s.w.s.m.m.a.RequestMappingHandlerMapping : Mapped to com.example.authentication_module.Controller.UserController#verifyEmail(String)
Hibernate: select pr1_0.id,pr1_0.address,pr1_0.city,pr1_0.country,pr1_0.created_at,pr1_0.date_of_birth,pr1_0.email,pr1_0.expiry_date,pr1_0.password,pr1_0.phone_number,pr1_0.state,pr1_0.token,pr1_0.used,pr1_0.user_name from pending_registrations pr1_0 where pr1_0.token=?
2026-08-22T09:07:45.642+05:30  WARN 27204 --- [authentication_module] [io-8080-exec-10] .m.m.a.ExceptionHandlerExceptionResolver : Resolved [com.example.authentication_module.Exception.InvalidVerificationTokenException: Verification token has already been used.]
2026-08-22T09:08:06.241+05:30 DEBUG 27204 --- [authentication_module] [nio-8080-exec-8] o.s.security.web.FilterChainProxy        : Securing POST /auth/login
2026-08-22T09:08:06.241+05:30 DEBUG 27204 --- [authentication_module] [nio-8080-exec-8] o.s.s.w.a.AnonymousAuthenticationFilter  : Set SecurityContextHolder to anonymous SecurityContext
2026-08-22T09:08:06.241+05:30 DEBUG 27204 --- [authentication_module] [nio-8080-exec-8] o.s.security.web.FilterChainProxy        : Secured POST /auth/login
2026-08-22T09:08:06.242+05:30 TRACE 27204 --- [authentication_module] [nio-8080-exec-8] s.w.s.m.m.a.RequestMappingHandlerMapping : Mapped to com.example.authentication_module.Controller.UserController#loginUser(LoginRequestDTO)
Hibernate: select um1_0.id,um1_0.account_non_expired,um1_0.account_non_locked,um1_0.address,um1_0.city,um1_0.country,um1_0.created_at,um1_0.credentials_non_expired,um1_0.date_of_birth,um1_0.email,um1_0.email_verified,um1_0.enabled,um1_0.last_accessed_at,um1_0.login_time,um1_0.password,um1_0.phone_number,um1_0.role,um1_0.state,um1_0.updated_at,um1_0.username from users um1_0 where um1_0.email=?
Hibernate: update users set account_non_expired=?,account_non_locked=?,address=?,city=?,country=?,credentials_non_expired=?,date_of_birth=?,email=?,email_verified=?,enabled=?,last_accessed_at=?,login_time=?,password=?,phone_number=?,role=?,state=?,updated_at=?,username=? where id=?
Hibernate: insert into refresh_tokens (created_at,expiry_date,revoked,token,user_id) values (?,?,?,?,?)
2026-08-22T09:08:06.733+05:30 DEBUG 27204 --- [authentication_module] [nio-8080-exec-1] o.s.security.web.FilterChainProxy        : Securing POST /auth/refresh-token
2026-08-22T09:08:06.733+05:30 DEBUG 27204 --- [authentication_module] [nio-8080-exec-2] o.s.security.web.FilterChainProxy        : Securing GET /profile/get-profile
2026-08-22T09:08:06.735+05:30 DEBUG 27204 --- [authentication_module] [nio-8080-exec-1] o.s.s.w.a.AnonymousAuthenticationFilter  : Set SecurityContextHolder to anonymous SecurityContext
email: bharathmn006@gmail.com
Hibernate: select um1_0.id,um1_0.account_non_expired,um1_0.account_non_locked,um1_0.address,um1_0.city,um1_0.country,um1_0.created_at,um1_0.credentials_non_expired,um1_0.date_of_birth,um1_0.email,um1_0.email_verified,um1_0.enabled,um1_0.last_accessed_at,um1_0.login_time,um1_0.password,um1_0.phone_number,um1_0.role,um1_0.state,um1_0.updated_at,um1_0.username from users um1_0 where um1_0.email=?
looking for emailbharathmn006@gmail.com
2026-08-22T09:08:06.740+05:30 DEBUG 27204 --- [authentication_module] [nio-8080-exec-2] o.s.security.web.FilterChainProxy        : Secured GET /profile/get-profile
2026-08-22T09:08:06.740+05:30 TRACE 27204 --- [authentication_module] [nio-8080-exec-2] s.w.s.m.m.a.RequestMappingHandlerMapping : Mapped to com.example.authentication_module.Controller.ProfileController#getProfile(Authentication)
Hibernate: select um1_0.id,um1_0.account_non_expired,um1_0.account_non_locked,um1_0.address,um1_0.city,um1_0.country,um1_0.created_at,um1_0.credentials_non_expired,um1_0.date_of_birth,um1_0.email,um1_0.email_verified,um1_0.enabled,um1_0.last_accessed_at,um1_0.login_time,um1_0.password,um1_0.phone_number,um1_0.role,um1_0.state,um1_0.updated_at,um1_0.username from users um1_0 where um1_0.email=?
2026-08-22T09:08:06.745+05:30 DEBUG 27204 --- [authentication_module] [nio-8080-exec-1] o.s.s.w.a.Http403ForbiddenEntryPoint     : Pre-authenticated entry point called. Rejecting access
2026-08-22T09:08:06.767+05:30 DEBUG 27204 --- [authentication_module] [nio-8080-exec-1] o.s.security.web.FilterChainProxy        : Securing GET /error
2026-08-22T09:08:06.775+05:30 DEBUG 27204 --- [authentication_module] [nio-8080-exec-1] o.s.s.w.a.AnonymousAuthenticationFilter  : Set SecurityContextHolder to anonymous SecurityContext
2026-08-22T09:08:06.776+05:30 DEBUG 27204 --- [authentication_module] [nio-8080-exec-1] o.s.s.w.a.Http403ForbiddenEntryPoint     : Pre-authenticated entry point called. Rejecting access
2026-08-22T09:10:52.374+05:30 DEBUG 27204 --- [authentication_module] [nio-8080-exec-3] o.s.security.web.FilterChainProxy        : Securing POST /auth/login
2026-08-22T09:10:52.375+05:30 DEBUG 27204 --- [authentication_module] [nio-8080-exec-3] o.s.s.w.a.AnonymousAuthenticationFilter  : Set SecurityContextHolder to anonymous SecurityContext
2026-08-22T09:10:52.376+05:30 DEBUG 27204 --- [authentication_module] [nio-8080-exec-3] o.s.security.web.FilterChainProxy        : Secured POST /auth/login
2026-08-22T09:10:52.376+05:30 TRACE 27204 --- [authentication_module] [nio-8080-exec-3] s.w.s.m.m.a.RequestMappingHandlerMapping : Mapped to com.example.authentication_module.Controller.UserController#loginUser(LoginRequestDTO)
Hibernate: select um1_0.id,um1_0.account_non_expired,um1_0.account_non_locked,um1_0.address,um1_0.city,um1_0.country,um1_0.created_at,um1_0.credentials_non_expired,um1_0.date_of_birth,um1_0.email,um1_0.email_verified,um1_0.enabled,um1_0.last_accessed_at,um1_0.login_time,um1_0.password,um1_0.phone_number,um1_0.role,um1_0.state,um1_0.updated_at,um1_0.username from users um1_0 where um1_0.email=?
Hibernate: update users set account_non_expired=?,account_non_locked=?,address=?,city=?,country=?,credentials_non_expired=?,date_of_birth=?,email=?,email_verified=?,enabled=?,last_accessed_at=?,login_time=?,password=?,phone_number=?,role=?,state=?,updated_at=?,username=? where id=?
Hibernate: insert into refresh_tokens (created_at,expiry_date,revoked,token,user_id) values (?,?,?,?,?)
2026-08-22T09:11:34.756+05:30 DEBUG 27204 --- [authentication_module] [nio-8080-exec-4] o.s.security.web.FilterChainProxy        : Securing GET /profile/get-profile
email: e2e.test.user@example.com
Hibernate: select um1_0.id,um1_0.account_non_expired,um1_0.account_non_locked,um1_0.address,um1_0.city,um1_0.country,um1_0.created_at,um1_0.credentials_non_expired,um1_0.date_of_birth,um1_0.email,um1_0.email_verified,um1_0.enabled,um1_0.last_accessed_at,um1_0.login_time,um1_0.password,um1_0.phone_number,um1_0.role,um1_0.state,um1_0.updated_at,um1_0.username from users um1_0 where um1_0.email=?
looking for emaile2e.test.user@example.com
2026-08-22T09:11:34.775+05:30 DEBUG 27204 --- [authentication_module] [nio-8080-exec-4] o.s.security.web.FilterChainProxy        : Secured GET /profile/get-profile
2026-08-22T09:11:34.776+05:30 TRACE 27204 --- [authentication_module] [nio-8080-exec-4] s.w.s.m.m.a.RequestMappingHandlerMapping : Mapped to com.example.authentication_module.Controller.ProfileController#getProfile(Authentication)
Hibernate: select um1_0.id,um1_0.account_non_expired,um1_0.account_non_locked,um1_0.address,um1_0.city,um1_0.country,um1_0.created_at,um1_0.credentials_non_expired,um1_0.date_of_birth,um1_0.email,um1_0.email_verified,um1_0.enabled,um1_0.last_accessed_at,um1_0.login_time,um1_0.password,um1_0.phone_number,um1_0.role,um1_0.state,um1_0.updated_at,um1_0.username from users um1_0 where um1_0.email=?
2026-08-22T09:46:19.204+05:30 DEBUG 27204 --- [authentication_module] [nio-8080-exec-5] o.s.security.web.FilterChainProxy        : Securing POST /auth/forgot-password
2026-08-22T09:46:19.208+05:30 DEBUG 27204 --- [authentication_module] [nio-8080-exec-5] o.s.s.w.a.AnonymousAuthenticationFilter  : Set SecurityContextHolder to anonymous SecurityContext
2026-08-22T09:46:19.211+05:30 DEBUG 27204 --- [authentication_module] [nio-8080-exec-5] o.s.s.w.a.Http403ForbiddenEntryPoint     : Pre-authenticated entry point called. Rejecting access
2026-08-22T09:46:19.213+05:30 DEBUG 27204 --- [authentication_module] [nio-8080-exec-5] o.s.security.web.FilterChainProxy        : Securing GET /error
2026-08-22T09:46:19.214+05:30 DEBUG 27204 --- [authentication_module] [nio-8080-exec-5] o.s.s.w.a.AnonymousAuthenticationFilter  : Set SecurityContextHolder to anonymous SecurityContext
2026-08-22T09:46:19.214+05:30 DEBUG 27204 --- [authentication_module] [nio-8080-exec-5] o.s.s.w.a.Http403ForbiddenEntryPoint     : Pre-authenticated entry point called. Rejecting access
2026-08-22T09:46:47.639+05:30 DEBUG 27204 --- [authentication_module] [nio-8080-exec-6] o.s.security.web.FilterChainProxy        : Securing POST /auth/refresh-token
2026-08-22T09:46:47.676+05:30 DEBUG 27204 --- [authentication_module] [nio-8080-exec-6] o.s.s.w.a.AnonymousAuthenticationFilter  : Set SecurityContextHolder to anonymous SecurityContext
2026-08-22T09:46:47.755+05:30 DEBUG 27204 --- [authentication_module] [nio-8080-exec-6] o.s.s.w.a.Http403ForbiddenEntryPoint     : Pre-authenticated entry point called. Rejecting access
2026-08-22T09:46:47.812+05:30 DEBUG 27204 --- [authentication_module] [nio-8080-exec-6] o.s.security.web.FilterChainProxy        : Securing GET /error
2026-08-22T09:46:47.865+05:30 DEBUG 27204 --- [authentication_module] [nio-8080-exec-6] o.s.s.w.a.AnonymousAuthenticationFilter  : Set SecurityContextHolder to anonymous SecurityContext
2026-08-22T09:46:47.916+05:30 DEBUG 27204 --- [authentication_module] [nio-8080-exec-6] o.s.s.w.a.Http403ForbiddenEntryPoint     : Pre-authenticated entry point called. Rejecting access
2026-08-22T09:47:15.177+05:30 DEBUG 27204 --- [authentication_module] [nio-8080-exec-7] o.s.security.web.FilterChainProxy        : Securing POST /auth/register
2026-08-22T09:47:15.264+05:30 DEBUG 27204 --- [authentication_module] [nio-8080-exec-7] o.s.s.w.a.AnonymousAuthenticationFilter  : Set SecurityContextHolder to anonymous SecurityContext
2026-08-22T09:47:15.264+05:30 DEBUG 27204 --- [authentication_module] [nio-8080-exec-7] o.s.security.web.FilterChainProxy        : Secured POST /auth/register
2026-08-22T09:47:15.302+05:30 TRACE 27204 --- [authentication_module] [nio-8080-exec-7] s.w.s.m.m.a.RequestMappingHandlerMapping : Mapped to com.example.authentication_module.Controller.UserController#registerUser(RegisterRequestDTO)
[UserService] Registration started for email: browser.e2e.probe@example.com
Hibernate: select um1_0.id from users um1_0 where um1_0.email=? fetch first ? rows only
Hibernate: select pr1_0.id from pending_registrations pr1_0 where pr1_0.email=? fetch first ? rows only
Hibernate: select um1_0.id from users um1_0 where um1_0.phone_number=? fetch first ? rows only
Hibernate: select pr1_0.id from pending_registrations pr1_0 where pr1_0.phone_number=? fetch first ? rows only
Hibernate: insert into pending_registrations (address,city,country,created_at,date_of_birth,email,expiry_date,password,phone_number,state,token,used,user_name) values (?,?,?,?,?,?,?,?,?,?,?,?,?)
[UserService] Pending registration saved with token: f6b9ef54-2061-4a9d-ba20-9c12fe0729cc
[UserService] Attempting to send verification email to: browser.e2e.probe@example.com
[EmailSenderService] Preparing verification email to: browser.e2e.probe@example.com
[EmailSenderService] Setting From: t81958319@gmail.com
[EmailSenderService] Verification URL: http://localhost:5173/verify-email?token=f6b9ef54-2061-4a9d-ba20-9c12fe0729cc
[EmailSenderService] Sending verification email...
[EmailSenderService] Email sent successfully to: browser.e2e.probe@example.com
[UserService] sendVerificationEmail returned without exception.
2026-08-22T09:47:23.918+05:30 DEBUG 27204 --- [authentication_module] [nio-8080-exec-9] o.s.security.web.FilterChainProxy        : Securing GET /auth/verify-email?token=f6b9ef54-2061-4a9d-ba20-9c12fe0729cc
2026-08-22T09:47:23.925+05:30 DEBUG 27204 --- [authentication_module] [nio-8080-exec-9] o.s.s.w.a.AnonymousAuthenticationFilter  : Set SecurityContextHolder to anonymous SecurityContext
2026-08-22T09:47:23.926+05:30 DEBUG 27204 --- [authentication_module] [nio-8080-exec-9] o.s.security.web.FilterChainProxy        : Secured GET /auth/verify-email?token=f6b9ef54-2061-4a9d-ba20-9c12fe0729cc
2026-08-22T09:47:23.927+05:30 TRACE 27204 --- [authentication_module] [nio-8080-exec-9] s.w.s.m.m.a.RequestMappingHandlerMapping : Mapped to com.example.authentication_module.Controller.UserController#verifyEmail(String)
Hibernate: select pr1_0.id,pr1_0.address,pr1_0.city,pr1_0.country,pr1_0.created_at,pr1_0.date_of_birth,pr1_0.email,pr1_0.expiry_date,pr1_0.password,pr1_0.phone_number,pr1_0.state,pr1_0.token,pr1_0.used,pr1_0.user_name from pending_registrations pr1_0 where pr1_0.token=?
Hibernate: insert into users (account_non_expired,account_non_locked,address,city,country,created_at,credentials_non_expired,date_of_birth,email,email_verified,enabled,last_accessed_at,login_time,password,phone_number,role,state,updated_at,username) values (?,?,?,?,?,?,?,?,?,?,?,?,?,?,?,?,?,?,?)
Hibernate: update pending_registrations set address=?,city=?,country=?,date_of_birth=?,email=?,expiry_date=?,password=?,phone_number=?,state=?,token=?,used=?,user_name=? where id=?
2026-08-22T09:47:34.514+05:30 DEBUG 27204 --- [authentication_module] [io-8080-exec-10] o.s.security.web.FilterChainProxy        : Securing POST /auth/login
2026-08-22T09:47:34.515+05:30 DEBUG 27204 --- [authentication_module] [io-8080-exec-10] o.s.s.w.a.AnonymousAuthenticationFilter  : Set SecurityContextHolder to anonymous SecurityContext
2026-08-22T09:47:34.516+05:30 DEBUG 27204 --- [authentication_module] [io-8080-exec-10] o.s.security.web.FilterChainProxy        : Secured POST /auth/login
2026-08-22T09:47:34.523+05:30 TRACE 27204 --- [authentication_module] [io-8080-exec-10] s.w.s.m.m.a.RequestMappingHandlerMapping : Mapped to com.example.authentication_module.Controller.UserController#loginUser(LoginRequestDTO)
Hibernate: select um1_0.id,um1_0.account_non_expired,um1_0.account_non_locked,um1_0.address,um1_0.city,um1_0.country,um1_0.created_at,um1_0.credentials_non_expired,um1_0.date_of_birth,um1_0.email,um1_0.email_verified,um1_0.enabled,um1_0.last_accessed_at,um1_0.login_time,um1_0.password,um1_0.phone_number,um1_0.role,um1_0.state,um1_0.updated_at,um1_0.username from users um1_0 where um1_0.email=?
Hibernate: update users set account_non_expired=?,account_non_locked=?,address=?,city=?,country=?,credentials_non_expired=?,date_of_birth=?,email=?,email_verified=?,enabled=?,last_accessed_at=?,login_time=?,password=?,phone_number=?,role=?,state=?,updated_at=?,username=? where id=?
Hibernate: insert into refresh_tokens (created_at,expiry_date,revoked,token,user_id) values (?,?,?,?,?)
2026-08-22T09:47:43.875+05:30 DEBUG 27204 --- [authentication_module] [nio-8080-exec-8] o.s.security.web.FilterChainProxy        : Securing GET /profile/get-profile
email: browser.e2e.probe@example.com
Hibernate: select um1_0.id,um1_0.account_non_expired,um1_0.account_non_locked,um1_0.address,um1_0.city,um1_0.country,um1_0.created_at,um1_0.credentials_non_expired,um1_0.date_of_birth,um1_0.email,um1_0.email_verified,um1_0.enabled,um1_0.last_accessed_at,um1_0.login_time,um1_0.password,um1_0.phone_number,um1_0.role,um1_0.state,um1_0.updated_at,um1_0.username from users um1_0 where um1_0.email=?
looking for emailbrowser.e2e.probe@example.com
2026-08-22T09:47:44.159+05:30 DEBUG 27204 --- [authentication_module] [nio-8080-exec-8] o.s.security.web.FilterChainProxy        : Secured GET /profile/get-profile
2026-08-22T09:47:44.159+05:30 TRACE 27204 --- [authentication_module] [nio-8080-exec-8] s.w.s.m.m.a.RequestMappingHandlerMapping : Mapped to com.example.authentication_module.Controller.ProfileController#getProfile(Authentication)
Hibernate: select um1_0.id,um1_0.account_non_expired,um1_0.account_non_locked,um1_0.address,um1_0.city,um1_0.country,um1_0.created_at,um1_0.credentials_non_expired,um1_0.date_of_birth,um1_0.email,um1_0.email_verified,um1_0.enabled,um1_0.last_accessed_at,um1_0.login_time,um1_0.password,um1_0.phone_number,um1_0.role,um1_0.state,um1_0.updated_at,um1_0.username from users um1_0 where um1_0.email=?
2026-08-22T09:50:22.435+05:30 DEBUG 27204 --- [authentication_module] [nio-8080-exec-2] o.s.security.web.FilterChainProxy        : Securing POST /auth/login
2026-08-22T09:50:22.574+05:30 DEBUG 27204 --- [authentication_module] [nio-8080-exec-2] o.s.s.w.a.AnonymousAuthenticationFilter  : Set SecurityContextHolder to anonymous SecurityContext
2026-08-22T09:50:22.575+05:30 DEBUG 27204 --- [authentication_module] [nio-8080-exec-2] o.s.security.web.FilterChainProxy        : Secured POST /auth/login
2026-08-22T09:50:22.575+05:30 TRACE 27204 --- [authentication_module] [nio-8080-exec-2] s.w.s.m.m.a.RequestMappingHandlerMapping : Mapped to com.example.authentication_module.Controller.UserController#loginUser(LoginRequestDTO)
Hibernate: select um1_0.id,um1_0.account_non_expired,um1_0.account_non_locked,um1_0.address,um1_0.city,um1_0.country,um1_0.created_at,um1_0.credentials_non_expired,um1_0.date_of_birth,um1_0.email,um1_0.email_verified,um1_0.enabled,um1_0.last_accessed_at,um1_0.login_time,um1_0.password,um1_0.phone_number,um1_0.role,um1_0.state,um1_0.updated_at,um1_0.username from users um1_0 where um1_0.email=?
Hibernate: update users set account_non_expired=?,account_non_locked=?,address=?,city=?,country=?,credentials_non_expired=?,date_of_birth=?,email=?,email_verified=?,enabled=?,last_accessed_at=?,login_time=?,password=?,phone_number=?,role=?,state=?,updated_at=?,username=? where id=?
Hibernate: insert into refresh_tokens (created_at,expiry_date,revoked,token,user_id) values (?,?,?,?,?)
2026-08-22T09:50:23.732+05:30 DEBUG 27204 --- [authentication_module] [nio-8080-exec-1] o.s.security.web.FilterChainProxy        : Securing GET /profile/get-profile
email: browser.e2e.probe@example.com
Hibernate: select um1_0.id,um1_0.account_non_expired,um1_0.account_non_locked,um1_0.address,um1_0.city,um1_0.country,um1_0.created_at,um1_0.credentials_non_expired,um1_0.date_of_birth,um1_0.email,um1_0.email_verified,um1_0.enabled,um1_0.last_accessed_at,um1_0.login_time,um1_0.password,um1_0.phone_number,um1_0.role,um1_0.state,um1_0.updated_at,um1_0.username from users um1_0 where um1_0.email=?
looking for emailbrowser.e2e.probe@example.com
2026-08-22T09:50:23.759+05:30 DEBUG 27204 --- [authentication_module] [nio-8080-exec-1] o.s.security.web.FilterChainProxy        : Secured GET /profile/get-profile
2026-08-22T09:50:23.761+05:30 TRACE 27204 --- [authentication_module] [nio-8080-exec-1] s.w.s.m.m.a.RequestMappingHandlerMapping : Mapped to com.example.authentication_module.Controller.ProfileController#getProfile(Authentication)
Hibernate: select um1_0.id,um1_0.account_non_expired,um1_0.account_non_locked,um1_0.address,um1_0.city,um1_0.country,um1_0.created_at,um1_0.credentials_non_expired,um1_0.date_of_birth,um1_0.email,um1_0.email_verified,um1_0.enabled,um1_0.last_accessed_at,um1_0.login_time,um1_0.password,um1_0.phone_number,um1_0.role,um1_0.state,um1_0.updated_at,um1_0.username from users um1_0 where um1_0.email=?
2026-08-22T09:50:53.089+05:30 DEBUG 27204 --- [authentication_module] [nio-8080-exec-3] o.s.security.web.FilterChainProxy        : Securing GET /profile/get-profile
email: browser.e2e.probe@example.com
Hibernate: select um1_0.id,um1_0.account_non_expired,um1_0.account_non_locked,um1_0.address,um1_0.city,um1_0.country,um1_0.created_at,um1_0.credentials_non_expired,um1_0.date_of_birth,um1_0.email,um1_0.email_verified,um1_0.enabled,um1_0.last_accessed_at,um1_0.login_time,um1_0.password,um1_0.phone_number,um1_0.role,um1_0.state,um1_0.updated_at,um1_0.username from users um1_0 where um1_0.email=?
looking for emailbrowser.e2e.probe@example.com
2026-08-22T09:50:53.142+05:30 DEBUG 27204 --- [authentication_module] [nio-8080-exec-3] o.s.security.web.FilterChainProxy        : Secured GET /profile/get-profile
2026-08-22T09:50:53.144+05:30 TRACE 27204 --- [authentication_module] [nio-8080-exec-3] s.w.s.m.m.a.RequestMappingHandlerMapping : Mapped to com.example.authentication_module.Controller.ProfileController#getProfile(Authentication)
Hibernate: select um1_0.id,um1_0.account_non_expired,um1_0.account_non_locked,um1_0.address,um1_0.city,um1_0.country,um1_0.created_at,um1_0.credentials_non_expired,um1_0.date_of_birth,um1_0.email,um1_0.email_verified,um1_0.enabled,um1_0.last_accessed_at,um1_0.login_time,um1_0.password,um1_0.phone_number,um1_0.role,um1_0.state,um1_0.updated_at,um1_0.username from users um1_0 where um1_0.email=?
2026-08-22T09:50:53.190+05:30 DEBUG 27204 --- [authentication_module] [nio-8080-exec-4] o.s.security.web.FilterChainProxy        : Securing GET /profile/get-profile
email: browser.e2e.probe@example.com
Hibernate: select um1_0.id,um1_0.account_non_expired,um1_0.account_non_locked,um1_0.address,um1_0.city,um1_0.country,um1_0.created_at,um1_0.credentials_non_expired,um1_0.date_of_birth,um1_0.email,um1_0.email_verified,um1_0.enabled,um1_0.last_accessed_at,um1_0.login_time,um1_0.password,um1_0.phone_number,um1_0.role,um1_0.state,um1_0.updated_at,um1_0.username from users um1_0 where um1_0.email=?
looking for emailbrowser.e2e.probe@example.com
2026-08-22T09:50:53.228+05:30 DEBUG 27204 --- [authentication_module] [nio-8080-exec-4] o.s.security.web.FilterChainProxy        : Secured GET /profile/get-profile
2026-08-22T09:50:53.246+05:30 TRACE 27204 --- [authentication_module] [nio-8080-exec-4] s.w.s.m.m.a.RequestMappingHandlerMapping : Mapped to com.example.authentication_module.Controller.ProfileController#getProfile(Authentication)
Hibernate: select um1_0.id,um1_0.account_non_expired,um1_0.account_non_locked,um1_0.address,um1_0.city,um1_0.country,um1_0.created_at,um1_0.credentials_non_expired,um1_0.date_of_birth,um1_0.email,um1_0.email_verified,um1_0.enabled,um1_0.last_accessed_at,um1_0.login_time,um1_0.password,um1_0.phone_number,um1_0.role,um1_0.state,um1_0.updated_at,um1_0.username from users um1_0 where um1_0.email=?
2026-08-22T09:51:15.902+05:30 DEBUG 27204 --- [authentication_module] [nio-8080-exec-5] o.s.security.web.FilterChainProxy        : Securing POST /auth/logout
2026-08-22T09:51:15.903+05:30 DEBUG 27204 --- [authentication_module] [nio-8080-exec-5] o.s.s.w.a.AnonymousAuthenticationFilter  : Set SecurityContextHolder to anonymous SecurityContext
2026-08-22T09:51:15.903+05:30 DEBUG 27204 --- [authentication_module] [nio-8080-exec-5] o.s.s.w.a.Http403ForbiddenEntryPoint     : Pre-authenticated entry point called. Rejecting access
2026-08-22T09:51:15.921+05:30 DEBUG 27204 --- [authentication_module] [nio-8080-exec-5] o.s.security.web.FilterChainProxy        : Securing GET /error
2026-08-22T09:51:15.925+05:30 DEBUG 27204 --- [authentication_module] [nio-8080-exec-5] o.s.s.w.a.AnonymousAuthenticationFilter  : Set SecurityContextHolder to anonymous SecurityContext
2026-08-22T09:51:15.929+05:30 DEBUG 27204 --- [authentication_module] [nio-8080-exec-5] o.s.s.w.a.Http403ForbiddenEntryPoint     : Pre-authenticated entry point called. Rejecting access
2026-08-22T09:51:17.586+05:30 DEBUG 27204 --- [authentication_module] [nio-8080-exec-6] o.s.security.web.FilterChainProxy        : Securing POST /auth/login
2026-08-22T09:51:17.589+05:30 DEBUG 27204 --- [authentication_module] [nio-8080-exec-6] o.s.s.w.a.AnonymousAuthenticationFilter  : Set SecurityContextHolder to anonymous SecurityContext
2026-08-22T09:51:17.690+05:30 DEBUG 27204 --- [authentication_module] [nio-8080-exec-6] o.s.security.web.FilterChainProxy        : Secured POST /auth/login
2026-08-22T09:51:17.725+05:30 TRACE 27204 --- [authentication_module] [nio-8080-exec-6] s.w.s.m.m.a.RequestMappingHandlerMapping : Mapped to com.example.authentication_module.Controller.UserController#loginUser(LoginRequestDTO)
Hibernate: select um1_0.id,um1_0.account_non_expired,um1_0.account_non_locked,um1_0.address,um1_0.city,um1_0.country,um1_0.created_at,um1_0.credentials_non_expired,um1_0.date_of_birth,um1_0.email,um1_0.email_verified,um1_0.enabled,um1_0.last_accessed_at,um1_0.login_time,um1_0.password,um1_0.phone_number,um1_0.role,um1_0.state,um1_0.updated_at,um1_0.username from users um1_0 where um1_0.email=?
Hibernate: update users set account_non_expired=?,account_non_locked=?,address=?,city=?,country=?,credentials_non_expired=?,date_of_birth=?,email=?,email_verified=?,enabled=?,last_accessed_at=?,login_time=?,password=?,phone_number=?,role=?,state=?,updated_at=?,username=? where id=?
Hibernate: insert into refresh_tokens (created_at,expiry_date,revoked,token,user_id) values (?,?,?,?,?)
2026-08-22T09:51:19.130+05:30 DEBUG 27204 --- [authentication_module] [nio-8080-exec-7] o.s.security.web.FilterChainProxy        : Securing GET /profile/get-profile
email: browser.e2e.probe@example.com
Hibernate: select um1_0.id,um1_0.account_non_expired,um1_0.account_non_locked,um1_0.address,um1_0.city,um1_0.country,um1_0.created_at,um1_0.credentials_non_expired,um1_0.date_of_birth,um1_0.email,um1_0.email_verified,um1_0.enabled,um1_0.last_accessed_at,um1_0.login_time,um1_0.password,um1_0.phone_number,um1_0.role,um1_0.state,um1_0.updated_at,um1_0.username from users um1_0 where um1_0.email=?
looking for emailbrowser.e2e.probe@example.com
2026-08-22T09:51:19.140+05:30 DEBUG 27204 --- [authentication_module] [nio-8080-exec-7] o.s.security.web.FilterChainProxy        : Secured GET /profile/get-profile
2026-08-22T09:51:19.142+05:30 TRACE 27204 --- [authentication_module] [nio-8080-exec-7] s.w.s.m.m.a.RequestMappingHandlerMapping : Mapped to com.example.authentication_module.Controller.ProfileController#getProfile(Authentication)
Hibernate: select um1_0.id,um1_0.account_non_expired,um1_0.account_non_locked,um1_0.address,um1_0.city,um1_0.country,um1_0.created_at,um1_0.credentials_non_expired,um1_0.date_of_birth,um1_0.email,um1_0.email_verified,um1_0.enabled,um1_0.last_accessed_at,um1_0.login_time,um1_0.password,um1_0.phone_number,um1_0.role,um1_0.state,um1_0.updated_at,um1_0.username from users um1_0 where um1_0.email=?
2026-08-22T09:53:37.177+05:30 DEBUG 27204 --- [authentication_module] [nio-8080-exec-9] o.s.security.web.FilterChainProxy        : Securing POST /auth/login
2026-08-22T09:53:37.189+05:30 DEBUG 27204 --- [authentication_module] [nio-8080-exec-9] o.s.s.w.a.AnonymousAuthenticationFilter  : Set SecurityContextHolder to anonymous SecurityContext
2026-08-22T09:53:37.189+05:30 DEBUG 27204 --- [authentication_module] [nio-8080-exec-9] o.s.security.web.FilterChainProxy        : Secured POST /auth/login
2026-08-22T09:53:37.190+05:30 TRACE 27204 --- [authentication_module] [nio-8080-exec-9] s.w.s.m.m.a.RequestMappingHandlerMapping : Mapped to com.example.authentication_module.Controller.UserController#loginUser(LoginRequestDTO)
Hibernate: select um1_0.id,um1_0.account_non_expired,um1_0.account_non_locked,um1_0.address,um1_0.city,um1_0.country,um1_0.created_at,um1_0.credentials_non_expired,um1_0.date_of_birth,um1_0.email,um1_0.email_verified,um1_0.enabled,um1_0.last_accessed_at,um1_0.login_time,um1_0.password,um1_0.phone_number,um1_0.role,um1_0.state,um1_0.updated_at,um1_0.username from users um1_0 where um1_0.email=?
Hibernate: update users set account_non_expired=?,account_non_locked=?,address=?,city=?,country=?,credentials_non_expired=?,date_of_birth=?,email=?,email_verified=?,enabled=?,last_accessed_at=?,login_time=?,password=?,phone_number=?,role=?,state=?,updated_at=?,username=? where id=?
Hibernate: insert into refresh_tokens (created_at,expiry_date,revoked,token,user_id) values (?,?,?,?,?)
2026-08-22T09:53:40.305+05:30 DEBUG 27204 --- [authentication_module] [io-8080-exec-10] o.s.security.web.FilterChainProxy        : Securing GET /profile/get-profile
email: browser.e2e.probe@example.com
Hibernate: select um1_0.id,um1_0.account_non_expired,um1_0.account_non_locked,um1_0.address,um1_0.city,um1_0.country,um1_0.created_at,um1_0.credentials_non_expired,um1_0.date_of_birth,um1_0.email,um1_0.email_verified,um1_0.enabled,um1_0.last_accessed_at,um1_0.login_time,um1_0.password,um1_0.phone_number,um1_0.role,um1_0.state,um1_0.updated_at,um1_0.username from users um1_0 where um1_0.email=?
looking for emailbrowser.e2e.probe@example.com
2026-08-22T09:53:40.322+05:30 DEBUG 27204 --- [authentication_module] [io-8080-exec-10] o.s.security.web.FilterChainProxy        : Secured GET /profile/get-profile
2026-08-22T09:53:40.323+05:30 TRACE 27204 --- [authentication_module] [io-8080-exec-10] s.w.s.m.m.a.RequestMappingHandlerMapping : Mapped to com.example.authentication_module.Controller.ProfileController#getProfile(Authentication)
Hibernate: select um1_0.id,um1_0.account_non_expired,um1_0.account_non_locked,um1_0.address,um1_0.city,um1_0.country,um1_0.created_at,um1_0.credentials_non_expired,um1_0.date_of_birth,um1_0.email,um1_0.email_verified,um1_0.enabled,um1_0.last_accessed_at,um1_0.login_time,um1_0.password,um1_0.phone_number,um1_0.role,um1_0.state,um1_0.updated_at,um1_0.username from users um1_0 where um1_0.email=?
2026-08-22T09:54:58.632+05:30 DEBUG 27204 --- [authentication_module] [nio-8080-exec-8] o.s.security.web.FilterChainProxy        : Securing POST /auth/login
2026-08-22T09:54:58.633+05:30 DEBUG 27204 --- [authentication_module] [nio-8080-exec-8] o.s.s.w.a.AnonymousAuthenticationFilter  : Set SecurityContextHolder to anonymous SecurityContext
2026-08-22T09:54:58.644+05:30 DEBUG 27204 --- [authentication_module] [nio-8080-exec-8] o.s.security.web.FilterChainProxy        : Secured POST /auth/login
2026-08-22T09:54:58.644+05:30 TRACE 27204 --- [authentication_module] [nio-8080-exec-8] s.w.s.m.m.a.RequestMappingHandlerMapping : Mapped to com.example.authentication_module.Controller.UserController#loginUser(LoginRequestDTO)
Hibernate: select um1_0.id,um1_0.account_non_expired,um1_0.account_non_locked,um1_0.address,um1_0.city,um1_0.country,um1_0.created_at,um1_0.credentials_non_expired,um1_0.date_of_birth,um1_0.email,um1_0.email_verified,um1_0.enabled,um1_0.last_accessed_at,um1_0.login_time,um1_0.password,um1_0.phone_number,um1_0.role,um1_0.state,um1_0.updated_at,um1_0.username from users um1_0 where um1_0.email=?
Hibernate: update users set account_non_expired=?,account_non_locked=?,address=?,city=?,country=?,credentials_non_expired=?,date_of_birth=?,email=?,email_verified=?,enabled=?,last_accessed_at=?,login_time=?,password=?,phone_number=?,role=?,state=?,updated_at=?,username=? where id=?
Hibernate: insert into refresh_tokens (created_at,expiry_date,revoked,token,user_id) values (?,?,?,?,?)
2026-08-22T09:54:59.527+05:30 DEBUG 27204 --- [authentication_module] [nio-8080-exec-2] o.s.security.web.FilterChainProxy        : Securing GET /profile/get-profile
email: browser.e2e.probe@example.com
Hibernate: select um1_0.id,um1_0.account_non_expired,um1_0.account_non_locked,um1_0.address,um1_0.city,um1_0.country,um1_0.created_at,um1_0.credentials_non_expired,um1_0.date_of_birth,um1_0.email,um1_0.email_verified,um1_0.enabled,um1_0.last_accessed_at,um1_0.login_time,um1_0.password,um1_0.phone_number,um1_0.role,um1_0.state,um1_0.updated_at,um1_0.username from users um1_0 where um1_0.email=?
looking for emailbrowser.e2e.probe@example.com
2026-08-22T09:54:59.556+05:30 DEBUG 27204 --- [authentication_module] [nio-8080-exec-2] o.s.security.web.FilterChainProxy        : Secured GET /profile/get-profile
2026-08-22T09:54:59.557+05:30 TRACE 27204 --- [authentication_module] [nio-8080-exec-2] s.w.s.m.m.a.RequestMappingHandlerMapping : Mapped to com.example.authentication_module.Controller.ProfileController#getProfile(Authentication)
Hibernate: select um1_0.id,um1_0.account_non_expired,um1_0.account_non_locked,um1_0.address,um1_0.city,um1_0.country,um1_0.created_at,um1_0.credentials_non_expired,um1_0.date_of_birth,um1_0.email,um1_0.email_verified,um1_0.enabled,um1_0.last_accessed_at,um1_0.login_time,um1_0.password,um1_0.phone_number,um1_0.role,um1_0.state,um1_0.updated_at,um1_0.username from users um1_0 where um1_0.email=?
2026-08-22T09:55:05.221+05:30 DEBUG 27204 --- [authentication_module] [nio-8080-exec-1] o.s.security.web.FilterChainProxy        : Securing GET /profile/get-profile
email: browser.e2e.probe@example.com
Hibernate: select um1_0.id,um1_0.account_non_expired,um1_0.account_non_locked,um1_0.address,um1_0.city,um1_0.country,um1_0.created_at,um1_0.credentials_non_expired,um1_0.date_of_birth,um1_0.email,um1_0.email_verified,um1_0.enabled,um1_0.last_accessed_at,um1_0.login_time,um1_0.password,um1_0.phone_number,um1_0.role,um1_0.state,um1_0.updated_at,um1_0.username from users um1_0 where um1_0.email=?
looking for emailbrowser.e2e.probe@example.com
2026-08-22T09:55:05.238+05:30 DEBUG 27204 --- [authentication_module] [nio-8080-exec-1] o.s.security.web.FilterChainProxy        : Secured GET /profile/get-profile
2026-08-22T09:55:05.241+05:30 TRACE 27204 --- [authentication_module] [nio-8080-exec-1] s.w.s.m.m.a.RequestMappingHandlerMapping : Mapped to com.example.authentication_module.Controller.ProfileController#getProfile(Authentication)
Hibernate: select um1_0.id,um1_0.account_non_expired,um1_0.account_non_locked,um1_0.address,um1_0.city,um1_0.country,um1_0.created_at,um1_0.credentials_non_expired,um1_0.date_of_birth,um1_0.email,um1_0.email_verified,um1_0.enabled,um1_0.last_accessed_at,um1_0.login_time,um1_0.password,um1_0.phone_number,um1_0.role,um1_0.state,um1_0.updated_at,um1_0.username from users um1_0 where um1_0.email=?
2026-08-22T09:55:05.366+05:30 DEBUG 27204 --- [authentication_module] [nio-8080-exec-3] o.s.security.web.FilterChainProxy        : Securing GET /profile/get-profile
email: browser.e2e.probe@example.com
Hibernate: select um1_0.id,um1_0.account_non_expired,um1_0.account_non_locked,um1_0.address,um1_0.city,um1_0.country,um1_0.created_at,um1_0.credentials_non_expired,um1_0.date_of_birth,um1_0.email,um1_0.email_verified,um1_0.enabled,um1_0.last_accessed_at,um1_0.login_time,um1_0.password,um1_0.phone_number,um1_0.role,um1_0.state,um1_0.updated_at,um1_0.username from users um1_0 where um1_0.email=?
looking for emailbrowser.e2e.probe@example.com
2026-08-22T09:55:05.392+05:30 DEBUG 27204 --- [authentication_module] [nio-8080-exec-3] o.s.security.web.FilterChainProxy        : Secured GET /profile/get-profile
2026-08-22T09:55:05.398+05:30 TRACE 27204 --- [authentication_module] [nio-8080-exec-3] s.w.s.m.m.a.RequestMappingHandlerMapping : Mapped to com.example.authentication_module.Controller.ProfileController#getProfile(Authentication)
Hibernate: select um1_0.id,um1_0.account_non_expired,um1_0.account_non_locked,um1_0.address,um1_0.city,um1_0.country,um1_0.created_at,um1_0.credentials_non_expired,um1_0.date_of_birth,um1_0.email,um1_0.email_verified,um1_0.enabled,um1_0.last_accessed_at,um1_0.login_time,um1_0.password,um1_0.phone_number,um1_0.role,um1_0.state,um1_0.updated_at,um1_0.username from users um1_0 where um1_0.email=?
2026-08-22T09:55:07.896+05:30 DEBUG 27204 --- [authentication_module] [nio-8080-exec-4] o.s.security.web.FilterChainProxy        : Securing POST /auth/logout
2026-08-22T09:55:07.897+05:30 DEBUG 27204 --- [authentication_module] [nio-8080-exec-4] o.s.s.w.a.AnonymousAuthenticationFilter  : Set SecurityContextHolder to anonymous SecurityContext
2026-08-22T09:55:07.903+05:30 DEBUG 27204 --- [authentication_module] [nio-8080-exec-4] o.s.s.w.a.Http403ForbiddenEntryPoint     : Pre-authenticated entry point called. Rejecting access
2026-08-22T09:55:07.917+05:30 DEBUG 27204 --- [authentication_module] [nio-8080-exec-4] o.s.security.web.FilterChainProxy        : Securing GET /error
2026-08-22T09:55:07.919+05:30 DEBUG 27204 --- [authentication_module] [nio-8080-exec-4] o.s.s.w.a.AnonymousAuthenticationFilter  : Set SecurityContextHolder to anonymous SecurityContext
2026-08-22T09:55:07.919+05:30 DEBUG 27204 --- [authentication_module] [nio-8080-exec-4] o.s.s.w.a.Http403ForbiddenEntryPoint     : Pre-authenticated entry point called. Rejecting access
2026-08-22T09:55:09.412+05:30 DEBUG 27204 --- [authentication_module] [nio-8080-exec-5] o.s.security.web.FilterChainProxy        : Securing POST /auth/login
2026-08-22T09:55:09.412+05:30 DEBUG 27204 --- [authentication_module] [nio-8080-exec-5] o.s.s.w.a.AnonymousAuthenticationFilter  : Set SecurityContextHolder to anonymous SecurityContext
2026-08-22T09:55:09.423+05:30 DEBUG 27204 --- [authentication_module] [nio-8080-exec-5] o.s.security.web.FilterChainProxy        : Secured POST /auth/login
2026-08-22T09:55:09.424+05:30 TRACE 27204 --- [authentication_module] [nio-8080-exec-5] s.w.s.m.m.a.RequestMappingHandlerMapping : Mapped to com.example.authentication_module.Controller.UserController#loginUser(LoginRequestDTO)
Hibernate: select um1_0.id,um1_0.account_non_expired,um1_0.account_non_locked,um1_0.address,um1_0.city,um1_0.country,um1_0.created_at,um1_0.credentials_non_expired,um1_0.date_of_birth,um1_0.email,um1_0.email_verified,um1_0.enabled,um1_0.last_accessed_at,um1_0.login_time,um1_0.password,um1_0.phone_number,um1_0.role,um1_0.state,um1_0.updated_at,um1_0.username from users um1_0 where um1_0.email=?
Hibernate: update users set account_non_expired=?,account_non_locked=?,address=?,city=?,country=?,credentials_non_expired=?,date_of_birth=?,email=?,email_verified=?,enabled=?,last_accessed_at=?,login_time=?,password=?,phone_number=?,role=?,state=?,updated_at=?,username=? where id=?
Hibernate: insert into refresh_tokens (created_at,expiry_date,revoked,token,user_id) values (?,?,?,?,?)
2026-08-22T09:55:10.371+05:30 DEBUG 27204 --- [authentication_module] [nio-8080-exec-6] o.s.security.web.FilterChainProxy        : Securing GET /profile/get-profile
email: browser.e2e.probe@example.com
Hibernate: select um1_0.id,um1_0.account_non_expired,um1_0.account_non_locked,um1_0.address,um1_0.city,um1_0.country,um1_0.created_at,um1_0.credentials_non_expired,um1_0.date_of_birth,um1_0.email,um1_0.email_verified,um1_0.enabled,um1_0.last_accessed_at,um1_0.login_time,um1_0.password,um1_0.phone_number,um1_0.role,um1_0.state,um1_0.updated_at,um1_0.username from users um1_0 where um1_0.email=?
looking for emailbrowser.e2e.probe@example.com
2026-08-22T09:55:10.389+05:30 DEBUG 27204 --- [authentication_module] [nio-8080-exec-6] o.s.security.web.FilterChainProxy        : Secured GET /profile/get-profile
2026-08-22T09:55:10.393+05:30 TRACE 27204 --- [authentication_module] [nio-8080-exec-6] s.w.s.m.m.a.RequestMappingHandlerMapping : Mapped to com.example.authentication_module.Controller.ProfileController#getProfile(Authentication)
Hibernate: select um1_0.id,um1_0.account_non_expired,um1_0.account_non_locked,um1_0.address,um1_0.city,um1_0.country,um1_0.created_at,um1_0.credentials_non_expired,um1_0.date_of_birth,um1_0.email,um1_0.email_verified,um1_0.enabled,um1_0.last_accessed_at,um1_0.login_time,um1_0.password,um1_0.phone_number,um1_0.role,um1_0.state,um1_0.updated_at,um1_0.username from users um1_0 where um1_0.email=?
[INFO] ------------------------------------------------------------------------
[INFO] BUILD FAILURE
[INFO] ------------------------------------------------------------------------
[INFO] Total time:  14:42 h
[INFO] Finished at: 2026-08-22T09:57:43+05:30
[INFO] ------------------------------------------------------------------------
[ERROR] Failed to execute goal org.springframework.boot:spring-boot-maven-plugin:4.1.0:run (default-cli) on project authentication_module: Process terminated with exit code: -1 -> [Help 1]
[ERROR] 
[ERROR] To see the full stack trace of the errors, re-run Maven with the -e switch.
[ERROR] Re-run Maven using the -X switch to enable full debug logging.
[ERROR] 
[ERROR] For more information about the errors and possible solutions, please read the following articles:
[ERROR] [Help 1] http://cwiki.apache.org/confluence/display/MAVEN/MojoExecutionException
